latitud,longitud,pot,usuario,fecha,test_name,observacion,operador,rssi,marca,imsi,modelo,pot_db
-17.396179,-66.156981,-50,andy2662,2021-10-17 11:51:35.639678,Centro Prueba 1,Ninguna,Entel,30,ZTE CORPORATION,736023035923079,MF193A,1.0
-17.395695,-66.157088,-50,andy2662,2021-10-17 11:51:25.638518,Centro Prueba 1,Ninguna,Entel,28,ZTE CORPORATION,736023035923079,MF193A,1.0
-17.395354,-66.157196,-57,andy2662,2021-10-17 11:51:16.630546,Centro Prueba 1,Ninguna,Entel,26,ZTE CORPORATION,736023035923079,MF193A,1.0
-17.395183,-66.157274,-56,andy2662,2021-10-17 11:50:56.625956,Centro Prueba 1,Ninguna,Entel,25,ZTE CORPORATION,736023035923079,MF193A,1.0
-17.394717,-66.157299,-57,andy2662,2021-10-17 11:50:47.630293,Centro Prueba 1,Ninguna,Entel,29,ZTE CORPORATION,736023035923079,MF193A,1.0
-17.394282,-66.157439,-50,andy2662,2021-10-17 11:50:35.632806,Centro Prueba 1,Ninguna,Entel,30,ZTE CORPORATION,736023035923079,MF193A,1.0
-17.394021,-66.157531,-50,andy2662,2021-10-17 11:50:16.635699,Centro Prueba 1,Ninguna,Entel,31,ZTE CORPORATION,736023035923079,MF193A,1.0
-17.393569,-66.157577,-44,andy2662,2021-10-17 11:50:06.626984,Centro Prueba 1,Ninguna,Entel,29,ZTE CORPORATION,736023035923079,MF193A,1.0
-17.393293,-66.157665,-52,andy2662,2021-10-17 11:49:57.635130,Centro Prueba 1,Ninguna,Entel,26,ZTE CORPORATION,736023035923079,MF193A,1.0
-17.392736,-66.157815,-57,andy2662,2021-10-17 11:49:45.639744,Centro Prueba 1,Ninguna,Entel,28,ZTE CORPORATION,736023035923079,MF193A,1.0
-17.392498,-66.158079,-53,andy2662,2021-10-17 11:49:33.639354,Centro Prueba 1,Ninguna,Entel,27,ZTE CORPORATION,736023035923079,MF193A,1.0
-17.392584,-66.158641,-55,andy2662,2021-10-17 11:49:25.225992,Centro Prueba 1,Ninguna,Entel,28,ZTE CORPORATION,736023035923079,MF193A,1.0
-17.392839,-66.158746,-53,andy2662,2021-10-17 11:49:08.652759,Centro Prueba 1,Ninguna,Entel,30,ZTE CORPORATION,736023035923079,MF193A,1.0
-17.393077,-66.15875,-53,andy2662,2021-10-17 11:48:33.692365,Centro Prueba 1,Ninguna,Entel,26,ZTE CORPORATION,736023035923079,MF193A,1.0
-17.393441,-66.158668,-53,andy2662,2021-10-17 11:48:24.651115,Centro Prueba 1,Ninguna,Entel,30,ZTE CORPORATION,736023035923079,MF193A,1.0
-17.393836,-66.15863,-46,andy2662,2021-10-17 11:48:14.653790,Centro Prueba 1,Ninguna,Entel,32,ZTE CORPORATION,736023035923079,MF193A,1.0
-17.393957,-66.158609,-49,andy2662,2021-10-17 11:47:59.658187,Centro Prueba 1,Ninguna,Entel,32,ZTE CORPORATION,736023035923079,MF193A,1.0
-17.394392,-66.158493,-51,andy2662,2021-10-17 11:47:46.666960,Centro Prueba 1,Ninguna,Entel,30,ZTE CORPORATION,736023035923079,MF193A,1.0
-17.394763,-66.158389,-47,andy2662,2021-10-17 11:47:37.677469,Centro Prueba 1,Ninguna,Entel,32,ZTE CORPORATION,736023035923079,MF193A,1.0
-17.394892,-66.158359,-49,andy2662,2021-10-17 11:47:28.672926,Centro Prueba 1,Ninguna,Entel,32,ZTE CORPORATION,736023035923079,MF193A,1.0
-17.39521,-66.158283,-49,andy2662,2021-10-17 11:47:18.677603,Centro Prueba 1,Ninguna,Entel,31,ZTE CORPORATION,736023035923079,MF193A,1.0
-17.395474,-66.158139,-59,andy2662,2021-10-17 11:47:09.682588,Centro Prueba 1,Ninguna,Entel,22,ZTE CORPORATION,736023035923079,MF193A,1.0
-17.395426,-66.157792,-42,andy2662,2021-10-17 11:47:00.682216,Centro Prueba 1,Ninguna,Entel,26,ZTE CORPORATION,736023035923079,MF193A,1.0
-17.395391,-66.157449,-49,andy2662,2021-10-17 11:46:51.688602,Centro Prueba 1,Ninguna,Entel,29,ZTE CORPORATION,736023035923079,MF193A,1.0
-17.395372,-66.157109,-53,andy2662,2021-10-17 11:46:42.691431,Centro Prueba 1,Ninguna,Entel,29,ZTE CORPORATION,736023035923079,MF193A,1.0
-17.395311,-66.156882,-52,andy2662,2021-10-17 11:46:14.166516,Centro Prueba 1,Ninguna,Entel,28,ZTE CORPORATION,736023035923079,MF193A,1.0
-17.395298,-66.156631,-58,andy2662,2021-10-17 11:46:04.719192,Centro Prueba 1,Ninguna,Entel,28,ZTE CORPORATION,736023035923079,MF193A,1.0
-17.395276,-66.156538,-55,andy2662,2021-10-17 11:45:50.730020,Centro Prueba 1,Ninguna,Entel,28,ZTE CORPORATION,736023035923079,MF193A,1.0
-17.395252,-66.156426,-52,andy2662,2021-10-17 11:45:40.727706,Centro Prueba 1,Ninguna,Entel,28,ZTE CORPORATION,736023035923079,MF193A,1.0
-17.395196,-66.156151,-48,andy2662,2021-10-17 11:45:30.725906,Centro Prueba 1,Ninguna,Entel,32,ZTE CORPORATION,736023035923079,MF193A,1.0
-17.395189,-66.156098,-43,andy2662,2021-10-17 11:45:20.723285,Centro Prueba 1,Ninguna,Entel,32,ZTE CORPORATION,736023035923079,MF193A,1.0
-17.39516,-66.155919,-52,andy2662,2021-10-17 11:45:10.737925,Centro Prueba 1,Ninguna,Entel,27,ZTE CORPORATION,736023035923079,MF193A,1.0
-17.395095,-66.155346,-56,andy2662,2021-10-17 11:44:58.722230,Centro Prueba 1,Ninguna,Entel,28,ZTE CORPORATION,736023035923079,MF193A,1.0
-17.395034,-66.154951,-50,andy2662,2021-10-17 11:44:49.734483,Centro Prueba 1,Ninguna,Entel,27,ZTE CORPORATION,736023035923079,MF193A,1.0
-17.395046,-66.15473,-41,andy2662,2021-10-17 11:44:38.724859,Centro Prueba 1,Ninguna,Entel,27,ZTE CORPORATION,736023035923079,MF193A,1.0
-17.395063,-66.154415,-55,andy2662,2021-10-17 11:44:29.717518,Centro Prueba 1,Ninguna,Entel,25,ZTE CORPORATION,736023035923079,MF193A,1.0
-17.395125,-66.154126,-47,andy2662,2021-10-17 11:44:20.717201,Centro Prueba 1,Ninguna,Entel,32,ZTE CORPORATION,736023035923079,MF193A,1.0
-17.395652,-66.153972,-54,andy2662,2021-10-17 11:44:04.717168,Centro Prueba 1,Ninguna,Entel,30,ZTE CORPORATION,736023035923079,MF193A,1.0
-17.395967,-66.153898,-50,andy2662,2021-10-17 11:43:55.714301,Centro Prueba 1,Ninguna,Entel,31,ZTE CORPORATION,736023035923079,MF193A,1.0
-17.396026,-66.154019,-48,andy2662,2021-10-17 11:43:45.714133,Centro Prueba 1,Ninguna,Entel,30,ZTE CORPORATION,736023035923079,MF193A,1.0
-17.396039,-66.154142,-54,andy2662,2021-10-17 11:43:36.262214,Centro Prueba 1,Ninguna,Entel,28,ZTE CORPORATION,736023035923079,MF193A,1.0
-17.396202,-66.154857,-49,andy2662,2021-10-17 11:43:06.715454,Centro Prueba 1,Ninguna,Entel,27,ZTE CORPORATION,736023035923079,MF193A,1.0
-17.396262,-66.155251,-59,andy2662,2021-10-17 11:42:57.727296,Centro Prueba 1,Ninguna,Entel,23,ZTE CORPORATION,736023035923079,MF193A,1.0
-17.396311,-66.155531,-55,andy2662,2021-10-17 11:42:48.710280,Centro Prueba 1,Ninguna,Entel,22,ZTE CORPORATION,736023035923079,MF193A,1.0
-17.39639,-66.155959,-57,andy2662,2021-10-17 11:42:39.710557,Centro Prueba 1,Ninguna,Entel,28,ZTE CORPORATION,736023035923079,MF193A,1.0
-17.396442,-66.156381,-55,andy2662,2021-10-17 11:42:29.710209,Centro Prueba 1,Ninguna,Entel,26,ZTE CORPORATION,736023035923079,MF193A,1.0
-17.396549,-66.156893,-53,andy2662,2021-10-17 11:42:19.709358,Centro Prueba 1,Ninguna,Entel,27,ZTE CORPORATION,736023035923079,MF193A,1.0
-17.396603,-66.157298,-58,andy2662,2021-10-17 11:42:10.706444,Centro Prueba 1,Ninguna,Entel,31,ZTE CORPORATION,736023035923079,MF193A,1.0
-17.396672,-66.157619,-52,andy2662,2021-10-17 11:41:59.706437,Centro Prueba 1,Ninguna,Entel,28,ZTE CORPORATION,736023035923079,MF193A,1.0
-17.396694,-66.157946,-50,andy2662,2021-10-17 11:41:50.703643,Centro Prueba 1,Ninguna,Entel,25,ZTE CORPORATION,736023035923079,MF193A,1.0
-17.397003,-66.158033,-49,andy2662,2021-10-17 11:41:35.706760,Centro Prueba 1,Ninguna,Entel,29,ZTE CORPORATION,736023035923079,MF193A,1.0
-17.39754,-66.157935,-43,andy2662,2021-10-17 11:41:21.703325,Centro Prueba 1,Ninguna,Entel,30,ZTE CORPORATION,736023035923079,MF193A,1.0
-17.397665,-66.157744,-49,andy2662,2021-10-17 11:41:12.734905,Centro Prueba 1,Ninguna,Entel,28,ZTE CORPORATION,736023035923079,MF193A,1.0
-17.397528,-66.15721,-51,andy2662,2021-10-17 11:40:57.699781,Centro Prueba 1,Ninguna,Entel,29,ZTE CORPORATION,736023035923079,MF193A,1.0
-17.39752,-66.156848,-49,andy2662,2021-10-17 11:40:48.699242,Centro Prueba 1,Ninguna,Entel,31,ZTE CORPORATION,736023035923079,MF193A,1.0
-17.397434,-66.15651,-39,andy2662,2021-10-17 11:40:38.701365,Centro Prueba 1,Ninguna,Entel,28,ZTE CORPORATION,736023035923079,MF193A,1.0
-17.397251,-66.155583,-56,andy2662,2021-10-17 11:40:27.234720,Centro Prueba 1,Ninguna,Entel,24,ZTE CORPORATION,736023035923079,MF193A,1.0
-17.397202,-66.154921,-40,andy2662,2021-10-17 11:40:11.697803,Centro Prueba 1,Ninguna,Entel,27,ZTE CORPORATION,736023035923079,MF193A,1.0
-17.397144,-66.1545,-52,andy2662,2021-10-17 11:40:03.702497,Centro Prueba 1,Ninguna,Entel,23,ZTE CORPORATION,736023035923079,MF193A,1.0
-17.397091,-66.153986,-46,andy2662,2021-10-17 11:39:42.696655,Centro Prueba 1,Ninguna,Entel,28,ZTE CORPORATION,736023035923079,MF193A,1.0
-17.397099,-66.153588,-46,andy2662,2021-10-17 11:39:33.698507,Centro Prueba 1,Ninguna,Entel,29,ZTE CORPORATION,736023035923079,MF193A,1.0
-17.397241,-66.153481,-50,andy2662,2021-10-17 11:39:24.698453,Centro Prueba 1,Ninguna,Entel,24,ZTE CORPORATION,736023035923079,MF193A,1.0
-17.3974,-66.153468,-36,andy2662,2021-10-17 11:39:15.698452,Centro Prueba 1,Ninguna,Entel,30,ZTE CORPORATION,736023035923079,MF193A,1.0
-17.397851,-66.153438,-50,andy2662,2021-10-17 11:39:04.695330,Centro Prueba 1,Ninguna,Entel,27,ZTE CORPORATION,736023035923079,MF193A,1.0
-17.398135,-66.153479,-57,andy2662,2021-10-17 11:38:55.715004,Centro Prueba 1,Ninguna,Entel,27,ZTE CORPORATION,736023035923079,MF193A,1.0
-17.398168,-66.153636,-57,andy2662,2021-10-17 11:38:24.697070,Centro Prueba 1,Ninguna,Entel,25,ZTE CORPORATION,736023035923079,MF193A,1.0
-17.398216,-66.153931,-54,andy2662,2021-10-17 11:38:08.702592,Centro Prueba 1,Ninguna,Entel,25,ZTE CORPORATION,736023035923079,MF193A,1.0
-17.398261,-66.154245,-57,andy2662,2021-10-17 11:37:30.708289,Centro Prueba 1,Ninguna,Entel,23,ZTE CORPORATION,736023035923079,MF193A,1.0
-17.398245,-66.154397,-54,andy2662,2021-10-17 11:37:18.709543,Centro Prueba 1,Ninguna,Entel,25,ZTE CORPORATION,736023035923079,MF193A,1.0
-17.39838,-66.154603,-55,andy2662,2021-10-17 11:36:57.744821,Centro Prueba 1,Ninguna,Entel,27,ZTE CORPORATION,736023035923079,MF193A,1.0
-17.398382,-66.154882,-44,andy2662,2021-10-17 11:36:33.702598,Centro Prueba 1,Ninguna,Entel,29,ZTE CORPORATION,736023035923079,MF193A,1.0
-17.398449,-66.155166,-49,andy2662,2021-10-17 11:36:24.707214,Centro Prueba 1,Ninguna,Entel,25,ZTE CORPORATION,736023035923079,MF193A,1.0
-17.398511,-66.155601,-47,andy2662,2021-10-17 11:36:14.129591,Centro Prueba 1,Ninguna,Entel,26,ZTE CORPORATION,736023035923079,MF193A,1.0
-17.398593,-66.15595,-51,andy2662,2021-10-17 11:35:53.696434,Centro Prueba 1,Ninguna,Entel,26,ZTE CORPORATION,736023035923079,MF193A,1.0
-17.398734,-66.156448,-57,andy2662,2021-10-17 11:35:44.689260,Centro Prueba 1,Ninguna,Entel,26,ZTE CORPORATION,736023035923079,MF193A,1.0
-17.398744,-66.156809,-40,andy2662,2021-10-17 11:35:35.704780,Centro Prueba 1,Ninguna,Entel,28,ZTE CORPORATION,736023035923079,MF193A,1.0
-17.398794,-66.157246,-50,andy2662,2021-10-17 11:35:26.691307,Centro Prueba 1,Ninguna,Entel,28,ZTE CORPORATION,736023035923079,MF193A,1.0
-17.398916,-66.157626,-48,andy2662,2021-10-17 11:35:16.697314,Centro Prueba 1,Ninguna,Entel,30,ZTE CORPORATION,736023035923079,MF193A,1.0
-17.39931,-66.157724,-40,andy2662,2021-10-17 11:35:05.691030,Centro Prueba 1,Ninguna,Entel,32,ZTE CORPORATION,736023035923079,MF193A,1.0
-17.399427,-66.15742,-32,andy2662,2021-10-17 11:34:55.706680,Centro Prueba 1,Ninguna,Entel,32,ZTE CORPORATION,736023035923079,MF193A,1.0
-17.399421,-66.156877,-49,andy2662,2021-10-17 11:34:43.691210,Centro Prueba 1,Ninguna,Entel,31,ZTE CORPORATION,736023035923079,MF193A,1.0
-17.399156,-66.156624,-47,andy2662,2021-10-17 11:34:33.227156,Centro Prueba 1,Ninguna,Entel,27,ZTE CORPORATION,736023035923079,MF193A,1.0
-17.398537,-66.156699,-46,andy2662,2021-10-17 11:34:07.694441,Centro Prueba 1,Ninguna,Entel,29,ZTE CORPORATION,736023035923079,MF193A,1.0
-17.398365,-66.156708,-47,andy2662,2021-10-17 11:33:50.691294,Centro Prueba 1,Ninguna,Entel,27,ZTE CORPORATION,736023035923079,MF193A,1.0
-17.398192,-66.156753,-60,andy2662,2021-10-17 11:33:42.687227,Centro Prueba 1,Ninguna,Entel,30,ZTE CORPORATION,736023035923079,MF193A,1.0
-17.397435,-66.156908,-48,andy2662,2021-10-17 11:33:29.728863,Centro Prueba 1,Ninguna,Entel,31,ZTE CORPORATION,736023035923079,MF193A,1.0
-17.396864,-66.156988,-46,andy2662,2021-10-17 11:33:15.694858,Centro Prueba 1,Ninguna,Entel,32,ZTE CORPORATION,736023035923079,MF193A,1.0
-17.396301,-66.157103,-48,andy2662,2021-10-17 11:33:06.741897,Centro Prueba 1,Ninguna,Entel,28,ZTE CORPORATION,736023035923079,MF193A,1.0
-17.395799,-66.15705,-48,andy2662,2021-10-17 11:32:57.694182,Centro Prueba 1,Ninguna,Entel,29,ZTE CORPORATION,736023035923079,MF193A,1.0
-17.395345,-66.156857,-47,andy2662,2021-10-17 11:32:38.689695,Centro Prueba 1,Ninguna,Entel,29,ZTE CORPORATION,736023035923079,MF193A,1.0
-17.395328,-66.156493,-53,andy2662,2021-10-17 11:32:29.681892,Centro Prueba 1,Ninguna,Entel,28,ZTE CORPORATION,736023035923079,MF193A,1.0
-17.39537,-66.156068,-48,andy2662,2021-10-17 11:32:20.679789,Centro Prueba 1,Ninguna,Entel,23,ZTE CORPORATION,736023035923079,MF193A,1.0
-17.395737,-66.155999,-65,andy2662,2021-10-17 11:32:11.677353,Centro Prueba 1,Ninguna,Entel,21,ZTE CORPORATION,736023035923079,MF193A,1.0
-17.396185,-66.156014,-58,andy2662,2021-10-17 11:32:02.674755,Centro Prueba 1,Ninguna,Entel,26,ZTE CORPORATION,736023035923079,MF193A,1.0
-17.396372,-66.156238,-56,andy2662,2021-10-17 11:31:53.670846,Centro Prueba 1,Ninguna,Entel,27,ZTE CORPORATION,736023035923079,MF193A,1.0
-17.396455,-66.156769,-50,andy2662,2021-10-17 11:31:43.678201,Centro Prueba 1,Ninguna,Entel,29,ZTE CORPORATION,736023035923079,MF193A,1.0
-17.396225,-66.157132,-51,andy2662,2021-10-17 11:31:34.662095,Centro Prueba 1,Ninguna,Entel,30,ZTE CORPORATION,736023035923079,MF193A,1.0
-17.395495,-66.157238,-55,andy2662,2021-10-17 11:31:25.186724,Centro Prueba 1,Ninguna,Entel,27,ZTE CORPORATION,736023035923079,MF193A,1.0
-17.394955,-66.157371,-51,andy2662,2021-10-17 11:30:50.620715,Centro Prueba 1,Ninguna,Entel,24,ZTE CORPORATION,736023035923079,MF193A,1.0
-17.39332,-66.157043,-53,andy2662,2021-10-17 11:30:34.618353,Centro Prueba 1,Ninguna,Entel,27,ZTE CORPORATION,736023035923079,MF193A,1.0
-17.392408,-66.157023,-53,andy2662,2021-10-17 11:30:24.617257,Centro Prueba 1,Ninguna,Entel,26,ZTE CORPORATION,736023035923079,MF193A,1.0
-17.394566,-66.15792,-48,andy2662,2021-10-17 11:30:14.659335,Centro Prueba 1,Ninguna,Entel,29,ZTE CORPORATION,736023035923079,MF193A,1.0
-17.394773,-66.158403,-50,andy2662,2021-10-17 11:29:57.622569,Centro Prueba 1,Ninguna,Entel,31,ZTE CORPORATION,736023035923079,MF193A,1.0
-17.395344,-66.15823,-52,andy2662,2021-10-17 11:29:07.669421,Centro Prueba 1,Ninguna,Entel,27,ZTE CORPORATION,736023035923079,MF193A,1.0
-17.356851,-66.200075,-58,andy2662,2021-10-17 00:28:07.636544,Scuba,Noche,Entel,25,ZTE CORPORATION,736023035923079,MF193A,1.0
-17.356857,-66.200047,-49,andy2662,2021-10-17 00:24:11.660938,Noche,Prueba 1,Tigo,28,ZTE CORPORATION,736030057419257,MF193A,1.0
-17.356862,-66.200051,-48,andy2662,2021-10-17 00:24:00.667890,Noche,Prueba 1,Tigo,28,ZTE CORPORATION,736030057419257,MF193A,1.0
-17.356857,-66.200054,-50,andy2662,2021-10-17 00:23:45.663289,Noche,Prueba 1,Tigo,28,ZTE CORPORATION,736030057419257,MF193A,1.0
-17.356835,-66.200047,-58,andy2662,2021-10-17 00:22:52.663497,Noche,Prueba 1,Entel,21,ZTE CORPORATION,736023035923079,MF193A,1.0
-17.356825,-66.200057,-67,andy2662,2021-10-17 00:20:29.665874,Noche,Prueba 1,Viva,21,ZTE CORPORATION,736010912233332,MF193A,1.0
-17.356814,-66.200046,-66,andy2662,2021-10-17 00:20:08.208031,Noche,Prueba 1,Viva,20,ZTE CORPORATION,736010912233332,MF193A,1.0
-17.35683,-66.200076,-59,andy2662,2021-10-14 10:16:51.660156,Nueva prueba,1234,Viva,23,ZTE CORPORATION,736010912233332,MF193A,1.0
-17.356659,-66.199807,-82,andres,2021-06-28 10:18:06.763489,Prueba Colcapirhua,En automovil,Viva,11,ZTE CORPORATION,736010912233332,MF193A,1.0
-17.356736,-66.199412,-81,andres,2021-06-28 10:17:57.747906,Prueba Colcapirhua,En automovil,Viva,12,ZTE CORPORATION,736010912233332,MF193A,1.0
-17.356845,-66.198925,-80,andres,2021-06-28 10:17:48.748957,Prueba Colcapirhua,En automovil,Viva,14,ZTE CORPORATION,736010912233332,MF193A,1.0
-17.356959,-66.19849,-70,andres,2021-06-28 10:17:39.740105,Prueba Colcapirhua,En automovil,Viva,16,ZTE CORPORATION,736010912233332,MF193A,1.0
-17.357409,-66.198301,-75,andres,2021-06-28 10:17:24.738129,Prueba Colcapirhua,En automovil,Viva,15,ZTE CORPORATION,736010912233332,MF193A,1.0
-17.357812,-66.198454,-81,andres,2021-06-28 10:17:15.761096,Prueba Colcapirhua,En automovil,Viva,12,ZTE CORPORATION,736010912233332,MF193A,1.0
-17.35854,-66.19868,-77,andres,2021-06-28 10:17:06.729095,Prueba Colcapirhua,En automovil,Viva,17,ZTE CORPORATION,736010912233332,MF193A,1.0
-17.359078,-66.198862,-75,andres,2021-06-28 10:16:57.728177,Prueba Colcapirhua,En automovil,Viva,18,ZTE CORPORATION,736010912233332,MF193A,1.0
-17.359536,-66.199038,-79,andres,2021-06-28 10:16:46.723672,Prueba Colcapirhua,En automovil,Viva,15,ZTE CORPORATION,736010912233332,MF193A,1.0
-17.360199,-66.199256,-79,andres,2021-06-28 10:16:37.715826,Prueba Colcapirhua,En automovil,Viva,17,ZTE CORPORATION,736010912233332,MF193A,1.0
-17.360541,-66.198759,-69,andres,2021-06-28 10:16:27.711331,Prueba Colcapirhua,En automovil,Viva,16,ZTE CORPORATION,736010912233332,MF193A,1.0
-17.360841,-66.198233,-68,andres,2021-06-28 10:16:18.704838,Prueba Colcapirhua,En automovil,Viva,18,ZTE CORPORATION,736010912233332,MF193A,1.0
-17.361138,-66.197661,-71,andres,2021-06-28 10:16:08.700711,Prueba Colcapirhua,En automovil,Viva,19,ZTE CORPORATION,736010912233332,MF193A,1.0
-17.361433,-66.197107,-71,andres,2021-06-28 10:15:56.697057,Prueba Colcapirhua,En automovil,Viva,21,ZTE CORPORATION,736010912233332,MF193A,1.0
-17.362223,-66.197238,-60,andres,2021-06-28 10:15:42.694557,Prueba Colcapirhua,En automovil,Viva,24,ZTE CORPORATION,736010912233332,MF193A,1.0
-17.364151,-66.197917,-68,andres,2021-06-28 10:15:23.692142,Prueba Colcapirhua,En automovil,Viva,20,ZTE CORPORATION,736010912233332,MF193A,1.0
-17.365094,-66.198242,-67,andres,2021-06-28 10:15:05.687258,Prueba Colcapirhua,En automovil,Viva,20,ZTE CORPORATION,736010912233332,MF193A,1.0
-17.36611,-66.198558,-65,andres,2021-06-28 10:14:54.693355,Prueba Colcapirhua,En automovil,Viva,20,ZTE CORPORATION,736010912233332,MF193A,1.0
-17.366801,-66.198751,-68,andres,2021-06-28 10:14:42.708364,Prueba Colcapirhua,En automovil,Viva,17,ZTE CORPORATION,736010912233332,MF193A,1.0
-17.366878,-66.198572,-73,andres,2021-06-28 10:14:27.383414,Prueba Colcapirhua,En automovil,Viva,17,ZTE CORPORATION,736010912233332,MF193A,1.0
-17.36706,-66.197863,-78,andres,2021-06-28 10:14:09.677965,Prueba Colcapirhua,En automovil,Viva,19,ZTE CORPORATION,736010912233332,MF193A,1.0
-17.367292,-66.196647,-69,andres,2021-06-28 10:13:56.675795,Prueba Colcapirhua,En automovil,Viva,21,ZTE CORPORATION,736010912233332,MF193A,1.0
-17.367452,-66.196136,-67,andres,2021-06-28 10:13:46.667753,Prueba Colcapirhua,En automovil,Viva,22,ZTE CORPORATION,736010912233332,MF193A,1.0
-17.368008,-66.196352,-67,andres,2021-06-28 10:13:32.673311,Prueba Colcapirhua,En automovil,Viva,23,ZTE CORPORATION,736010912233332,MF193A,1.0
-17.368652,-66.196554,-66,andres,2021-06-28 10:13:21.665089,Prueba Colcapirhua,En automovil,Viva,20,ZTE CORPORATION,736010912233332,MF193A,1.0
-17.368931,-66.19665,-66,andres,2021-06-28 10:13:11.664920,Prueba Colcapirhua,En automovil,Viva,20,ZTE CORPORATION,736010912233332,MF193A,1.0
-17.369233,-66.196753,-68,andres,2021-06-28 10:12:59.665905,Prueba Colcapirhua,En automovil,Viva,19,ZTE CORPORATION,736010912233332,MF193A,1.0
-17.370198,-66.197091,-75,andres,2021-06-28 10:12:46.654872,Prueba Colcapirhua,En automovil,Viva,19,ZTE CORPORATION,736010912233332,MF193A,1.0
-17.370697,-66.197277,-72,andres,2021-06-28 10:12:37.657193,Prueba Colcapirhua,En automovil,Viva,18,ZTE CORPORATION,736010912233332,MF193A,1.0
-17.371249,-66.197467,-69,andres,2021-06-28 10:12:28.666878,Prueba Colcapirhua,En automovil,Viva,18,ZTE CORPORATION,736010912233332,MF193A,1.0
-17.372029,-66.197786,-76,andres,2021-06-28 10:12:18.652298,Prueba Colcapirhua,En automovil,Viva,18,ZTE CORPORATION,736010912233332,MF193A,1.0
-17.372761,-66.198162,-72,andres,2021-06-28 10:12:09.655852,Prueba Colcapirhua,En automovil,Viva,20,ZTE CORPORATION,736010912233332,MF193A,1.0
-17.373373,-66.19849,-69,andres,2021-06-28 10:12:00.656561,Prueba Colcapirhua,En automovil,Viva,16,ZTE CORPORATION,736010912233332,MF193A,1.0
-17.373812,-66.19874,-70,andres,2021-06-28 10:11:51.651834,Prueba Colcapirhua,En automovil,Viva,19,ZTE CORPORATION,736010912233332,MF193A,1.0
-17.374079,-66.198916,-66,andres,2021-06-28 10:11:40.645411,Prueba Colcapirhua,En automovil,Viva,16,ZTE CORPORATION,736010912233332,MF193A,1.0
-17.373984,-66.199178,-73,andres,2021-06-28 10:11:31.679157,Prueba Colcapirhua,En automovil,Viva,15,ZTE CORPORATION,736010912233332,MF193A,1.0
-17.373626,-66.199912,-77,andres,2021-06-28 10:11:22.647903,Prueba Colcapirhua,En automovil,Viva,16,ZTE CORPORATION,736010912233332,MF193A,1.0
-17.373317,-66.200452,-81,andres,2021-06-28 10:11:13.649192,Prueba Colcapirhua,En automovil,Viva,16,ZTE CORPORATION,736010912233332,MF193A,1.0
-17.373195,-66.200714,-74,andres,2021-06-28 10:11:04.653122,Prueba Colcapirhua,En automovil,Viva,14,ZTE CORPORATION,736010912233332,MF193A,1.0
-17.373045,-66.201049,-80,andres,2021-06-28 10:10:55.647668,Prueba Colcapirhua,En automovil,Viva,17,ZTE CORPORATION,736010912233332,MF193A,1.0
-17.372707,-66.201643,-71,andres,2021-06-28 10:10:44.647236,Prueba Colcapirhua,En automovil,Viva,17,ZTE CORPORATION,736010912233332,MF193A,1.0
-17.371349,-66.204581,-54,andres,2021-06-28 10:10:08.680969,Prueba Colcapirhua,En automovil,Viva,23,ZTE CORPORATION,736010912233332,MF193A,1.0
-17.371005,-66.205337,-57,andres,2021-06-28 10:09:59.666003,Prueba Colcapirhua,En automovil,Viva,24,ZTE CORPORATION,736010912233332,MF193A,1.0
-17.370545,-66.206235,-66,andres,2021-06-28 10:09:50.615386,Prueba Colcapirhua,En automovil,Viva,25,ZTE CORPORATION,736010912233332,MF193A,1.0
-17.370306,-66.206783,-56,andres,2021-06-28 10:09:38.400482,Prueba Colcapirhua,En automovil,Viva,24,ZTE CORPORATION,736010912233332,MF193A,1.0
-17.370105,-66.207184,-61,andres,2021-06-28 10:09:29.406709,Prueba Colcapirhua,En automovil,Viva,26,ZTE CORPORATION,736010912233332,MF193A,1.0
-17.370701,-66.207344,-66,andres,2021-06-28 10:09:14.405460,Prueba Colcapirhua,En automovil,Viva,26,ZTE CORPORATION,736010912233332,MF193A,1.0
-17.371279,-66.207373,-58,andres,2021-06-28 10:09:01.417612,Prueba Colcapirhua,En automovil,Viva,22,ZTE CORPORATION,736010912233332,MF193A,1.0
-17.371806,-66.20737,-64,andres,2021-06-28 10:08:50.421538,Prueba Colcapirhua,En automovil,Viva,21,ZTE CORPORATION,736010912233332,MF193A,1.0
-17.372293,-66.207365,-58,andres,2021-06-28 10:08:41.427309,Prueba Colcapirhua,En automovil,Viva,22,ZTE CORPORATION,736010912233332,MF193A,1.0
-17.37314,-66.207382,-67,andres,2021-06-28 10:08:27.124858,Prueba Colcapirhua,En automovil,Viva,22,ZTE CORPORATION,736010912233332,MF193A,1.0
-17.373915,-66.207387,-64,andres,2021-06-28 10:07:59.450815,Prueba Colcapirhua,En automovil,Viva,20,ZTE CORPORATION,736010912233332,MF193A,1.0
-17.374593,-66.207409,-61,andres,2021-06-28 10:07:44.456705,Prueba Colcapirhua,En automovil,Viva,22,ZTE CORPORATION,736010912233332,MF193A,1.0
-17.37513,-66.207414,-73,andres,2021-06-28 10:07:33.471253,Prueba Colcapirhua,En automovil,Viva,16,ZTE CORPORATION,736010912233332,MF193A,1.0
-17.375545,-66.20741,-73,andres,2021-06-28 10:07:24.467224,Prueba Colcapirhua,En automovil,Viva,16,ZTE CORPORATION,736010912233332,MF193A,1.0
-17.376015,-66.207411,-81,andres,2021-06-28 10:07:14.476200,Prueba Colcapirhua,En automovil,Viva,14,ZTE CORPORATION,736010912233332,MF193A,1.0
-17.376429,-66.207436,-66,andres,2021-06-28 10:07:04.470758,Prueba Colcapirhua,En automovil,Viva,17,ZTE CORPORATION,736010912233332,MF193A,1.0
-17.376886,-66.20744,-73,andres,2021-06-28 10:06:55.484305,Prueba Colcapirhua,En automovil,Viva,12,ZTE CORPORATION,736010912233332,MF193A,1.0
-17.377656,-66.207455,-75,andres,2021-06-28 10:06:44.036993,Prueba Colcapirhua,En automovil,Viva,17,ZTE CORPORATION,736010912233332,MF193A,1.0
-17.378312,-66.207428,-72,andres,2021-06-28 10:06:27.177060,Prueba Colcapirhua,En automovil,Viva,22,ZTE CORPORATION,736010912233332,MF193A,1.0
-17.378675,-66.207424,-66,andres,2021-06-28 10:06:16.501574,Prueba Colcapirhua,En automovil,Viva,20,ZTE CORPORATION,736010912233332,MF193A,1.0
-17.379036,-66.207427,-67,andres,2021-06-28 10:06:04.512341,Prueba Colcapirhua,En automovil,Viva,12,ZTE CORPORATION,736010912233332,MF193A,1.0
-17.37934,-66.207446,-73,andres,2021-06-28 10:05:53.516268,Prueba Colcapirhua,En automovil,Viva,18,ZTE CORPORATION,736010912233332,MF193A,1.0
-17.379671,-66.207458,-69,andres,2021-06-28 10:05:42.522029,Prueba Colcapirhua,En automovil,Viva,18,ZTE CORPORATION,736010912233332,MF193A,1.0
-17.3803,-66.207631,-74,andres,2021-06-28 10:05:27.531863,Prueba Colcapirhua,En automovil,Viva,16,ZTE CORPORATION,736010912233332,MF193A,1.0
-17.380778,-66.20779,-80,andres,2021-06-28 10:05:17.534724,Prueba Colcapirhua,En automovil,Viva,12,ZTE CORPORATION,736010912233332,MF193A,1.0
-17.381349,-66.207964,-78,andres,2021-06-28 10:05:06.550617,Prueba Colcapirhua,En automovil,Viva,15,ZTE CORPORATION,736010912233332,MF193A,1.0
-17.381982,-66.208125,-75,andres,2021-06-28 10:04:55.545415,Prueba Colcapirhua,En automovil,Viva,15,ZTE CORPORATION,736010912233332,MF193A,1.0
-17.382995,-66.2079,-74,andres,2021-06-28 10:04:44.558784,Prueba Colcapirhua,En automovil,Viva,17,ZTE CORPORATION,736010912233332,MF193A,1.0
-17.383897,-66.207898,-71,andres,2021-06-28 10:04:35.558633,Prueba Colcapirhua,En automovil,Viva,17,ZTE CORPORATION,736010912233332,MF193A,1.0
-17.384548,-66.207858,-75,andres,2021-06-28 10:04:24.566663,Prueba Colcapirhua,En automovil,Viva,13,ZTE CORPORATION,736010912233332,MF193A,1.0
-17.384551,-66.207859,-78,andres,2021-06-28 10:04:15.569615,Prueba Colcapirhua,En automovil,Viva,12,ZTE CORPORATION,736010912233332,MF193A,1.0
-17.384565,-66.20786,-78,andres,2021-06-28 10:04:02.575896,Prueba Colcapirhua,En automovil,Viva,14,ZTE CORPORATION,736010912233332,MF193A,1.0
-17.384846,-66.207865,-80,andres,2021-06-28 10:03:53.580051,Prueba Colcapirhua,En automovil,Viva,14,ZTE CORPORATION,736010912233332,MF193A,1.0
-17.387189,-66.207884,-81,andres,2021-06-28 10:03:42.122762,Prueba Colcapirhua,En automovil,Viva,14,ZTE CORPORATION,736010912233332,MF193A,1.0
-17.388684,-66.207909,-64,andres,2021-06-28 10:03:27.268168,Prueba Colcapirhua,En automovil,Viva,22,ZTE CORPORATION,736010912233332,MF193A,1.0
-17.389719,-66.207951,-61,andres,2021-06-28 10:03:17.605628,Prueba Colcapirhua,En automovil,Viva,22,ZTE CORPORATION,736010912233332,MF193A,1.0
-17.390145,-66.207971,-48,andres,2021-06-28 10:03:03.613445,Prueba Colcapirhua,En automovil,Viva,26,ZTE CORPORATION,736010912233332,MF193A,1.0
-17.390612,-66.207991,-72,andres,2021-06-28 10:02:51.629714,Prueba Colcapirhua,En automovil,Viva,20,ZTE CORPORATION,736010912233332,MF193A,1.0
-17.391336,-66.20805,-69,andres,2021-06-28 10:02:39.641994,Prueba Colcapirhua,En automovil,Viva,20,ZTE CORPORATION,736010912233332,MF193A,1.0
-17.392135,-66.208108,-55,andres,2021-06-28 10:02:28.648532,Prueba Colcapirhua,En automovil,Viva,23,ZTE CORPORATION,736010912233332,MF193A,1.0
-17.392283,-66.208304,-65,andres,2021-06-28 10:01:55.685457,Prueba Colcapirhua,En automovil,Viva,22,ZTE CORPORATION,736010912233332,MF193A,1.0
-17.392277,-66.208559,-71,andres,2021-06-28 10:01:40.732325,Prueba Colcapirhua,En automovil,Viva,18,ZTE CORPORATION,736010912233332,MF193A,1.0
-17.392246,-66.20951,-72,andres,2021-06-28 10:01:27.802223,Prueba Colcapirhua,En automovil,Viva,19,ZTE CORPORATION,736010912233332,MF193A,1.0
-17.392174,-66.211265,-74,andres,2021-06-28 10:01:18.808174,Prueba Colcapirhua,En automovil,Viva,13,ZTE CORPORATION,736010912233332,MF193A,1.0
-17.392101,-66.213015,-69,andres,2021-06-28 10:01:10.800613,Prueba Colcapirhua,En automovil,Viva,12,ZTE CORPORATION,736010912233332,MF193A,1.0
-17.392004,-66.215177,-73,andres,2021-06-28 10:01:00.805580,Prueba Colcapirhua,En automovil,Viva,17,ZTE CORPORATION,736010912233332,MF193A,1.0
-17.39187,-66.218282,-70,andres,2021-06-28 10:00:50.343229,Prueba Colcapirhua,En automovil,Viva,14,ZTE CORPORATION,736010912233332,MF193A,1.0
-17.391812,-66.219724,-63,andres,2021-06-28 10:00:20.786158,Prueba Colcapirhua,En automovil,Viva,20,ZTE CORPORATION,736010912233332,MF193A,1.0
-17.39181,-66.219722,-70,andres,2021-06-28 10:00:11.783756,Prueba Colcapirhua,En automovil,Viva,18,ZTE CORPORATION,736010912233332,MF193A,1.0
-17.391803,-66.219732,-73,andres,2021-06-28 10:00:00.781065,Prueba Colcapirhua,En automovil,Viva,15,ZTE CORPORATION,736010912233332,MF193A,1.0
-17.39179,-66.219872,-61,andres,2021-06-28 09:59:51.773154,Prueba Colcapirhua,En automovil,Viva,19,ZTE CORPORATION,736010912233332,MF193A,1.0
-17.391759,-66.220554,-70,andres,2021-06-28 09:59:42.771840,Prueba Colcapirhua,En automovil,Viva,20,ZTE CORPORATION,736010912233332,MF193A,1.0
-17.391696,-66.221744,-63,andres,2021-06-28 09:59:31.762615,Prueba Colcapirhua,En automovil,Viva,26,ZTE CORPORATION,736010912233332,MF193A,1.0
-17.391629,-66.223312,-56,andres,2021-06-28 09:59:19.759992,Prueba Colcapirhua,En automovil,Viva,23,ZTE CORPORATION,736010912233332,MF193A,1.0
-17.391566,-66.224852,-56,andres,2021-06-28 09:59:08.749616,Prueba Colcapirhua,En automovil,Viva,24,ZTE CORPORATION,736010912233332,MF193A,1.0
-17.391502,-66.226287,-52,andres,2021-06-28 09:58:58.742280,Prueba Colcapirhua,En automovil,Viva,28,ZTE CORPORATION,736010912233332,MF193A,1.0
-17.391451,-66.227403,-56,andres,2021-06-28 09:58:49.733395,Prueba Colcapirhua,En automovil,Viva,27,ZTE CORPORATION,736010912233332,MF193A,1.0
-17.391403,-66.228482,-55,andres,2021-06-28 09:58:40.724316,Prueba Colcapirhua,En automovil,Viva,23,ZTE CORPORATION,736010912233332,MF193A,1.0
-17.391363,-66.229532,-62,andres,2021-06-28 09:58:31.709962,Prueba Colcapirhua,En automovil,Viva,22,ZTE CORPORATION,736010912233332,MF193A,1.0
-17.391334,-66.230426,-72,andres,2021-06-28 09:58:21.693946,Prueba Colcapirhua,En automovil,Viva,18,ZTE CORPORATION,736010912233332,MF193A,1.0
-17.391305,-66.230893,-66,andres,2021-06-28 09:58:12.675355,Prueba Colcapirhua,En automovil,Viva,17,ZTE CORPORATION,736010912233332,MF193A,1.0
-17.391281,-66.231358,-74,andres,2021-06-28 09:58:01.717602,Prueba Colcapirhua,En automovil,Viva,13,ZTE CORPORATION,736010912233332,MF193A,1.0
-17.391185,-66.233613,-70,andres,2021-06-28 09:57:49.223168,Prueba Colcapirhua,En automovil,Viva,14,ZTE CORPORATION,736010912233332,MF193A,1.0
-17.391055,-66.236664,-68,andres,2021-06-28 09:57:24.679177,Prueba Colcapirhua,En automovil,Viva,18,ZTE CORPORATION,736010912233332,MF193A,1.0
-17.391011,-66.237775,-70,andres,2021-06-28 09:57:16.674246,Prueba Colcapirhua,En automovil,Viva,18,ZTE CORPORATION,736010912233332,MF193A,1.0
-17.391024,-66.238692,-69,andres,2021-06-28 09:57:07.670985,Prueba Colcapirhua,En automovil,Viva,12,ZTE CORPORATION,736010912233332,MF193A,1.0
-17.39097,-66.238994,-73,andres,2021-06-28 09:56:58.675945,Prueba Colcapirhua,En automovil,Viva,15,ZTE CORPORATION,736010912233332,MF193A,1.0
-17.390967,-66.239004,-78,andres,2021-06-28 09:56:49.683402,Prueba Colcapirhua,En automovil,Viva,15,ZTE CORPORATION,736010912233332,MF193A,1.0
-17.390927,-66.239341,-73,andres,2021-06-28 09:56:37.691736,Prueba Colcapirhua,En automovil,Viva,18,ZTE CORPORATION,736010912233332,MF193A,1.0
-17.390894,-66.240545,-66,andres,2021-06-28 09:56:27.690308,Prueba Colcapirhua,En automovil,Viva,19,ZTE CORPORATION,736010912233332,MF193A,1.0
-17.390885,-66.241897,-74,andres,2021-06-28 09:56:18.702385,Prueba Colcapirhua,En automovil,Viva,15,ZTE CORPORATION,736010912233332,MF193A,1.0
-17.390915,-66.243664,-75,andres,2021-06-28 09:56:05.721488,Prueba Colcapirhua,En automovil,Viva,13,ZTE CORPORATION,736010912233332,MF193A,1.0
-17.39099,-66.244377,-78,andres,2021-06-28 09:55:56.727309,Prueba Colcapirhua,En automovil,Viva,15,ZTE CORPORATION,736010912233332,MF193A,1.0
-17.390726,-66.244556,-75,andres,2021-06-28 09:55:47.720196,Prueba Colcapirhua,En automovil,Viva,12,ZTE CORPORATION,736010912233332,MF193A,1.0
-17.390503,-66.244501,-77,andres,2021-06-28 09:55:32.717294,Prueba Colcapirhua,En automovil,Viva,14,ZTE CORPORATION,736010912233332,MF193A,1.0
-17.390139,-66.244502,-79,andres,2021-06-28 09:55:21.719287,Prueba Colcapirhua,En automovil,Viva,14,ZTE CORPORATION,736010912233332,MF193A,1.0
-17.389316,-66.244366,-78,andres,2021-06-28 09:45:15.625301,Test 1 Colcapirhua,En automovil,Viva,14,ZTE CORPORATION,736010912233332,MF193A,1.0
-17.389154,-66.244441,-76,andres,2021-06-28 09:44:58.627129,Test 1 Colcapirhua,En automovil,Viva,14,ZTE CORPORATION,736010912233332,MF193A,1.0
-17.38908,-66.244245,-75,andres,2021-06-28 09:44:49.629758,Test 1 Colcapirhua,En automovil,Viva,15,ZTE CORPORATION,736010912233332,MF193A,1.0
-17.389049,-66.243714,-67,andres,2021-06-28 09:44:33.627262,Test 1 Colcapirhua,En automovil,Viva,16,ZTE CORPORATION,736010912233332,MF193A,1.0
-17.389283,-66.243617,-70,andres,2021-06-28 09:44:24.629661,Test 1 Colcapirhua,En automovil,Viva,17,ZTE CORPORATION,736010912233332,MF193A,1.0
-17.389744,-66.243565,-71,andres,2021-06-28 09:44:16.632801,Test 1 Colcapirhua,En automovil,Viva,17,ZTE CORPORATION,736010912233332,MF193A,1.0
-17.39021,-66.243547,-75,andres,2021-06-28 09:44:05.632977,Test 1 Colcapirhua,En automovil,Viva,15,ZTE CORPORATION,736010912233332,MF193A,1.0
-17.390527,-66.243602,-71,andres,2021-06-28 09:43:57.638464,Test 1 Colcapirhua,En automovil,Viva,18,ZTE CORPORATION,736010912233332,MF193A,1.0
-17.390819,-66.243794,-74,andres,2021-06-28 09:43:46.639157,Test 1 Colcapirhua,En automovil,Viva,18,ZTE CORPORATION,736010912233332,MF193A,1.0
-17.39098,-66.243971,-77,andres,2021-06-28 09:43:36.640830,Test 1 Colcapirhua,En automovil,Viva,16,ZTE CORPORATION,736010912233332,MF193A,1.0
-17.390901,-66.245261,-70,andres,2021-06-28 09:43:10.656361,Test 1 Quillacollo,En automovil,Viva,14,ZTE CORPORATION,736010912233332,MF193A,1.0
-17.39095,-66.246626,-80,andres,2021-06-28 09:42:58.669562,Test 1 Quillacollo,En automovil,Viva,18,ZTE CORPORATION,736010912233332,MF193A,1.0
-17.391058,-66.248906,-65,andres,2021-06-28 09:42:49.241569,Test 1 Quillacollo,En automovil,Viva,20,ZTE CORPORATION,736010912233332,MF193A,1.0
-17.391293,-66.252013,-71,andres,2021-06-28 09:42:21.710471,Test 1 Quillacollo,En automovil,Viva,16,ZTE CORPORATION,736010912233332,MF193A,1.0
-17.391421,-66.253276,-73,andres,2021-06-28 09:42:12.724148,Test 1 Quillacollo,En automovil,Viva,17,ZTE CORPORATION,736010912233332,MF193A,1.0
-17.391537,-66.254409,-70,andres,2021-06-28 09:42:04.747239,Test 1 Quillacollo,En automovil,Viva,22,ZTE CORPORATION,736010912233332,MF193A,1.0
-17.391659,-66.255645,-66,andres,2021-06-28 09:41:55.776287,Test 1 Quillacollo,En automovil,Viva,18,ZTE CORPORATION,736010912233332,MF193A,1.0
-17.391772,-66.256823,-69,andres,2021-06-28 09:41:46.813683,Test 1 Quillacollo,En automovil,Viva,19,ZTE CORPORATION,736010912233332,MF193A,1.0
-17.391879,-66.257811,-72,andres,2021-06-28 09:41:37.855134,Test 1 Quillacollo,En automovil,Viva,22,ZTE CORPORATION,736010912233332,MF193A,1.0
-17.392027,-66.259265,-61,andres,2021-06-28 09:41:27.534161,Test 1 Quillacollo,En automovil,Viva,20,ZTE CORPORATION,736010912233332,MF193A,1.0
-17.392115,-66.260115,-65,andres,2021-06-28 09:41:16.841034,Test 1 Quillacollo,En automovil,Viva,18,ZTE CORPORATION,736010912233332,MF193A,1.0
-17.39215,-66.260495,-76,andres,2021-06-28 09:41:08.838898,Test 1 Quillacollo,En automovil,Viva,17,ZTE CORPORATION,736010912233332,MF193A,1.0
-17.392144,-66.260524,-70,andres,2021-06-28 09:40:56.836479,Test 1 Quillacollo,En automovil,Viva,18,ZTE CORPORATION,736010912233332,MF193A,1.0
-17.39214,-66.260529,-73,andres,2021-06-28 09:40:48.837518,Test 1 Quillacollo,En automovil,Viva,19,ZTE CORPORATION,736010912233332,MF193A,1.0
-17.392137,-66.260554,-70,andres,2021-06-28 09:40:40.827038,Test 1 Quillacollo,En automovil,Viva,19,ZTE CORPORATION,736010912233332,MF193A,1.0
-17.3922,-66.261303,-79,andres,2021-06-28 09:40:29.852018,Test 1 Quillacollo,En automovil,Viva,7,ZTE CORPORATION,736010912233332,MF193A,1.0
-17.392311,-66.262514,-78,andres,2021-06-28 09:40:21.829119,Test 1 Quillacollo,En automovil,Viva,5,ZTE CORPORATION,736010912233332,MF193A,1.0
-17.392445,-66.263826,-77,andres,2021-06-28 09:40:13.818338,Test 1 Quillacollo,En automovil,Viva,15,ZTE CORPORATION,736010912233332,MF193A,1.0
-17.392652,-66.265702,-75,andres,2021-06-28 09:40:02.816213,Test 1 Quillacollo,En automovil,Viva,16,ZTE CORPORATION,736010912233332,MF193A,1.0
-17.39278,-66.266997,-79,andres,2021-06-28 09:39:54.817066,Test 1 Quillacollo,En automovil,Viva,17,ZTE CORPORATION,736010912233332,MF193A,1.0
-17.39293,-66.268521,-64,andres,2021-06-28 09:39:44.807815,Test 1 Quillacollo,En automovil,Viva,20,ZTE CORPORATION,736010912233332,MF193A,1.0
-17.393035,-66.269626,-58,andres,2021-06-28 09:39:35.797258,Test 1 Quillacollo,En automovil,Viva,28,ZTE CORPORATION,736010912233332,MF193A,1.0
-17.393117,-66.270251,-64,andres,2021-06-28 09:39:27.799725,Test 1 Quillacollo,En automovil,Viva,22,ZTE CORPORATION,736010912233332,MF193A,1.0
-17.393167,-66.270518,-71,andres,2021-06-28 09:39:19.795501,Test 1 Quillacollo,En automovil,Viva,18,ZTE CORPORATION,736010912233332,MF193A,1.0
-17.393179,-66.270564,-74,andres,2021-06-28 09:39:11.792255,Test 1 Quillacollo,En automovil,Viva,19,ZTE CORPORATION,736010912233332,MF193A,1.0
-17.393207,-66.270743,-67,andres,2021-06-28 09:39:02.785613,Test 1 Quillacollo,En automovil,Viva,16,ZTE CORPORATION,736010912233332,MF193A,1.0
-17.393313,-66.271915,-63,andres,2021-06-28 09:38:50.777418,Test 1 Quillacollo,En automovil,Viva,23,ZTE CORPORATION,736010912233332,MF193A,1.0
-17.393471,-66.272681,-58,andres,2021-06-28 09:38:42.773948,Test 1 Quillacollo,En automovil,Viva,21,ZTE CORPORATION,736010912233332,MF193A,1.0
-17.39355,-66.273581,-77,andres,2021-06-28 09:38:32.806427,Test 1 Quillacollo,En automovil,Viva,15,ZTE CORPORATION,736010912233332,MF193A,1.0
-17.393656,-66.274509,-68,andres,2021-06-28 09:38:21.774251,Test 1 Quillacollo,En automovil,Viva,20,ZTE CORPORATION,736010912233332,MF193A,1.0
-17.393729,-66.275116,-65,andres,2021-06-28 09:38:12.756220,Test 1 Quillacollo,En automovil,Viva,21,ZTE CORPORATION,736010912233332,MF193A,1.0
-17.393752,-66.27554,-71,andres,2021-06-28 09:38:04.755738,Test 1 Quillacollo,En automovil,Viva,17,ZTE CORPORATION,736010912233332,MF193A,1.0
-17.393851,-66.27654,-84,andres,2021-06-28 09:37:54.753219,Test 1 Quillacollo,En automovil,Viva,16,ZTE CORPORATION,736010912233332,MF193A,1.0
-17.393938,-66.27752,-68,andres,2021-06-28 09:37:45.739651,Test 1 Quillacollo,En automovil,Viva,20,ZTE CORPORATION,736010912233332,MF193A,1.0
-17.393977,-66.278122,-69,andres,2021-06-28 09:37:36.734733,Test 1 Quillacollo,En automovil,Viva,21,ZTE CORPORATION,736010912233332,MF193A,1.0
-17.393789,-66.278192,-64,andres,2021-06-28 09:37:24.720419,Test 1 Quillacollo,En automovil,Viva,24,ZTE CORPORATION,736010912233332,MF193A,1.0
-17.393558,-66.278098,-61,andres,2021-06-28 09:37:15.719093,Test 1 Quillacollo,En automovil,Viva,25,ZTE CORPORATION,736010912233332,MF193A,1.0
-17.393548,-66.278101,-60,andres,2021-06-28 09:36:58.736603,Test 1 Quillacollo,En automovil,Viva,23,ZTE CORPORATION,736010912233332,MF193A,1.0
-17.392823,-66.278063,-66,andres,2021-06-28 09:36:49.268566,Test 1 Quillacollo,En automovil,Viva,21,ZTE CORPORATION,736010912233332,MF193A,1.0
-17.391536,-66.277459,-71,andres,2021-06-28 09:36:24.711451,Test 1 Quillacollo,En automovil,Viva,18,ZTE CORPORATION,736010912233332,MF193A,1.0
-17.391153,-66.27715,-70,andres,2021-06-28 09:36:15.717512,Test 1 Quillacollo,En automovil,Viva,19,ZTE CORPORATION,736010912233332,MF193A,1.0
-17.390766,-66.277082,-79,andres,2021-06-28 09:36:04.699255,Test 1 Quillacollo,En automovil,Viva,17,ZTE CORPORATION,736010912233332,MF193A,1.0
-17.390197,-66.277047,-71,andres,2021-06-28 09:35:55.701114,Test 1 Quillacollo,En automovil,Viva,18,ZTE CORPORATION,736010912233332,MF193A,1.0
-17.389667,-66.277046,-75,andres,2021-06-28 09:35:47.706402,Test 1 Quillacollo,En automovil,Viva,15,ZTE CORPORATION,736010912233332,MF193A,1.0
-17.389072,-66.277052,-72,andres,2021-06-28 09:35:38.706008,Test 1 Quillacollo,En automovil,Viva,19,ZTE CORPORATION,736010912233332,MF193A,1.0
-17.388876,-66.277061,-69,andres,2021-06-28 09:35:29.708117,Test 1 Quillacollo,En automovil,Viva,19,ZTE CORPORATION,736010912233332,MF193A,1.0
-17.388852,-66.277079,-71,andres,2021-06-28 09:35:20.708748,Test 1 Quillacollo,En automovil,Viva,19,ZTE CORPORATION,736010912233332,MF193A,1.0
-17.388821,-66.277091,-70,andres,2021-06-28 09:35:06.744034,Test 1 Quillacollo,En automovil,Viva,14,ZTE CORPORATION,736010912233332,MF193A,1.0
-17.388346,-66.277074,-79,andres,2021-06-28 09:34:56.697655,Test 1 Quillacollo,En automovil,Viva,16,ZTE CORPORATION,736010912233332,MF193A,1.0
-17.387068,-66.277066,-83,andres,2021-06-28 09:34:44.732531,Test 1 Quillacollo,En automovil,Viva,9,ZTE CORPORATION,736010912233332,MF193A,1.0
-17.386442,-66.277102,-78,andres,2021-06-28 09:34:33.695471,Test 1 Quillacollo,En automovil,Viva,13,ZTE CORPORATION,736010912233332,MF193A,1.0
-17.386135,-66.277098,-87,andres,2021-06-28 09:34:15.694442,Test 1 Quillacollo,En automovil,Viva,9,ZTE CORPORATION,736010912233332,MF193A,1.0
-17.385514,-66.277108,-80,andres,2021-06-28 09:34:07.693859,Test 1 Quillacollo,En automovil,Viva,12,ZTE CORPORATION,736010912233332,MF193A,1.0
-17.384544,-66.277116,-82,andres,2021-06-28 09:33:55.689766,Test 1 Quillacollo,En automovil,Viva,14,ZTE CORPORATION,736010912233332,MF193A,1.0
-17.38354,-66.277424,-72,andres,2021-06-28 09:33:46.142795,Test 1 Quillacollo,En automovil,Viva,11,ZTE CORPORATION,736010912233332,MF193A,1.0
-17.382495,-66.277694,-83,andres,2021-06-28 09:33:28.586472,Test 1 Quillacollo,En automovil,Viva,10,ZTE CORPORATION,736010912233332,MF193A,1.0
-17.381774,-66.277879,-80,andres,2021-06-28 09:33:16.590667,Test 1 Quillacollo,En automovil,Viva,11,ZTE CORPORATION,736010912233332,MF193A,1.0
-17.3811,-66.277909,-83,andres,2021-06-28 09:33:06.606994,Test 1 Quillacollo,En automovil,Viva,13,ZTE CORPORATION,736010912233332,MF193A,1.0
-17.380339,-66.277931,-85,andres,2021-06-28 09:32:55.590309,Test 1 Quillacollo,En automovil,Viva,12,ZTE CORPORATION,736010912233332,MF193A,1.0
-17.379701,-66.277955,-78,andres,2021-06-28 09:32:46.595396,Test 1 Quillacollo,En automovil,Viva,12,ZTE CORPORATION,736010912233332,MF193A,1.0
-17.379449,-66.277959,-79,andres,2021-06-28 09:32:37.600749,Test 1 Quillacollo,En automovil,Viva,14,ZTE CORPORATION,736010912233332,MF193A,1.0
-17.379257,-66.277965,-79,andres,2021-06-28 09:32:27.598441,Test 1 Quillacollo,En automovil,Viva,13,ZTE CORPORATION,736010912233332,MF193A,1.0
-17.378706,-66.277991,-85,andres,2021-06-28 09:32:18.606690,Test 1 Quillacollo,En automovil,Viva,11,ZTE CORPORATION,736010912233332,MF193A,1.0
-17.377595,-66.278039,-76,andres,2021-06-28 09:32:04.604298,Test 1 Quillacollo,En automovil,Viva,12,ZTE CORPORATION,736010912233332,MF193A,1.0
-17.376559,-66.278081,-87,andres,2021-06-28 09:31:51.605146,Test 1 Quillacollo,En automovil,Viva,8,ZTE CORPORATION,736010912233332,MF193A,1.0
-17.375779,-66.278006,-87,andres,2021-06-28 09:31:32.608714,Test 1 Quillacollo,En automovil,Viva,7,ZTE CORPORATION,736010912233332,MF193A,1.0
-17.375115,-66.277918,-88,andres,2021-06-28 09:31:20.611869,Test 1 Quillacollo,En automovil,Viva,10,ZTE CORPORATION,736010912233332,MF193A,1.0
-17.374818,-66.277872,-87,andres,2021-06-28 09:31:11.609192,Test 1 Quillacollo,En automovil,Viva,8,ZTE CORPORATION,736010912233332,MF193A,1.0
-17.374566,-66.277844,-87,andres,2021-06-28 09:31:02.614121,Test 1 Quillacollo,En automovil,Viva,11,ZTE CORPORATION,736010912233332,MF193A,1.0
-17.372578,-66.277499,-86,andres,2021-06-28 09:30:48.159901,Test 1 Quillacollo,En automovil,Viva,10,ZTE CORPORATION,736010912233332,MF193A,1.0
-17.370552,-66.27715,-85,andres,2021-06-28 09:30:20.630228,Test 1 Quillacollo,En automovil,Viva,10,ZTE CORPORATION,736010912233332,MF193A,1.0
-17.370056,-66.277065,-84,andres,2021-06-28 09:30:12.626120,Test 1 Quillacollo,En automovil,Viva,9,ZTE CORPORATION,736010912233332,MF193A,1.0
-17.369628,-66.276976,-86,andres,2021-06-28 09:29:57.652624,Test 1 Quillacollo,En automovil,Viva,10,ZTE CORPORATION,736010912233332,MF193A,1.0
-17.368416,-66.276772,-86,andres,2021-06-28 09:29:42.646787,Test 1 Quillacollo,En automovil,Viva,9,ZTE CORPORATION,736010912233332,MF193A,1.0
-17.367467,-66.276629,-90,andres,2021-06-28 09:29:32.651434,Test 1 Quillacollo,En automovil,Viva,8,ZTE CORPORATION,736010912233332,MF193A,1.0
-17.366452,-66.276476,-86,andres,2021-06-28 09:29:19.646264,Test 1 Quillacollo,En automovil,Viva,8,ZTE CORPORATION,736010912233332,MF193A,1.0
-17.365971,-66.276348,-90,andres,2021-06-28 09:29:07.653702,Test 1 Quillacollo,En automovil,Viva,8,ZTE CORPORATION,736010912233332,MF193A,1.0
-17.36542,-66.276184,-92,andres,2021-06-28 09:28:58.653816,Test 1 Quillacollo,En automovil,Viva,8,ZTE CORPORATION,736010912233332,MF193A,0.9600000000000001
-17.364944,-66.276035,-87,andres,2021-06-28 09:28:47.654958,Test 1 Quillacollo,En automovil,Viva,8,ZTE CORPORATION,736010912233332,MF193A,1.0
-17.364547,-66.275914,-91,andres,2021-06-28 09:28:38.656615,Test 1 Quillacollo,En automovil,Viva,8,ZTE CORPORATION,736010912233332,MF193A,0.98
-17.364072,-66.275767,-80,andres,2021-06-28 09:28:24.657648,Test 1 Quillacollo,En automovil,Viva,9,ZTE CORPORATION,736010912233332,MF193A,1.0
-17.363806,-66.275694,-85,andres,2021-06-28 09:28:15.662522,Test 1 Quillacollo,En automovil,Viva,10,ZTE CORPORATION,736010912233332,MF193A,1.0
-17.363328,-66.275607,-85,andres,2021-06-28 09:28:02.662452,Test 1 Quillacollo,En automovil,Viva,10,ZTE CORPORATION,736010912233332,MF193A,1.0
-17.362659,-66.275493,-87,andres,2021-06-28 09:27:54.200305,Test 1 Quillacollo,En automovil,Viva,3,ZTE CORPORATION,736010912233332,MF193A,1.0
-17.361538,-66.275319,-90,andres,2021-06-28 09:27:23.666851,Test 1 Quillacollo,En automovil,Viva,6,ZTE CORPORATION,736010912233332,MF193A,1.0
-17.361069,-66.275261,-85,andres,2021-06-28 09:27:13.661108,Test 1 Quillacollo,En automovil,Viva,7,ZTE CORPORATION,736010912233332,MF193A,1.0
-17.360488,-66.275151,-93,andres,2021-06-28 09:27:01.670160,Test 1 Quillacollo,En automovil,Viva,7,ZTE CORPORATION,736010912233332,MF193A,0.9400000000000001
-17.360162,-66.275075,-86,andres,2021-06-28 09:26:53.663957,Test 1 Quillacollo,En automovil,Viva,10,ZTE CORPORATION,736010912233332,MF193A,1.0
-17.359854,-66.275057,-83,andres,2021-06-28 09:26:44.674033,Test 1 Quillacollo,En automovil,Viva,11,ZTE CORPORATION,736010912233332,MF193A,1.0
-17.359291,-66.275039,-87,andres,2021-06-28 09:26:33.674214,Test 1 Quillacollo,En automovil,Viva,8,ZTE CORPORATION,736010912233332,MF193A,1.0
-17.358773,-66.275078,-88,andres,2021-06-28 09:26:24.678541,Test 1 Quillacollo,En automovil,Viva,10,ZTE CORPORATION,736010912233332,MF193A,1.0
-17.358238,-66.275041,-84,andres,2021-06-28 09:26:15.682321,Test 1 Quillacollo,En automovil,Viva,14,ZTE CORPORATION,736010912233332,MF193A,1.0
-17.357752,-66.274925,-77,andres,2021-06-28 09:26:05.680327,Test 1 Quillacollo,En automovil,Viva,14,ZTE CORPORATION,736010912233332,MF193A,1.0
-17.357335,-66.274795,-73,andres,2021-06-28 09:25:55.681613,Test 1 Quillacollo,En automovil,Viva,14,ZTE CORPORATION,736010912233332,MF193A,1.0
-17.356859,-66.274587,-72,andres,2021-06-28 09:25:45.684579,Test 1 Quillacollo,En automovil,Viva,17,ZTE CORPORATION,736010912233332,MF193A,1.0
-17.356423,-66.274467,-73,andres,2021-06-28 09:25:36.682280,Test 1 Quillacollo,En automovil,Viva,15,ZTE CORPORATION,736010912233332,MF193A,1.0
-17.355927,-66.274473,-78,andres,2021-06-28 09:25:28.684161,Test 1 Quillacollo,En automovil,Viva,11,ZTE CORPORATION,736010912233332,MF193A,1.0
-17.355318,-66.274328,-84,andres,2021-06-28 09:25:16.680459,Test 1 Quillacollo,En automovil,Viva,12,ZTE CORPORATION,736010912233332,MF193A,1.0
-17.354902,-66.27425,-83,andres,2021-06-28 09:25:07.676026,Test 1 Quillacollo,En automovil,Viva,13,ZTE CORPORATION,736010912233332,MF193A,1.0
-17.354515,-66.274112,-75,andres,2021-06-28 09:24:58.687958,Test 1 Quillacollo,En automovil,Viva,13,ZTE CORPORATION,736010912233332,MF193A,1.0
-17.353623,-66.273461,-82,andres,2021-06-28 09:24:36.676679,Test 1 El Paso,En automovil,Viva,12,ZTE CORPORATION,736010912233332,MF193A,1.0
-17.353071,-66.273026,-78,andres,2021-06-28 09:24:22.672721,Test 1 El Paso,En automovil,Viva,15,ZTE CORPORATION,736010912233332,MF193A,1.0
-17.352828,-66.272703,-78,andres,2021-06-28 09:24:13.671772,Test 1 El Paso,En automovil,Viva,11,ZTE CORPORATION,736010912233332,MF193A,1.0
-17.352451,-66.272458,-84,andres,2021-06-28 09:24:02.665109,Test 1 El Paso,En automovil,Viva,11,ZTE CORPORATION,736010912233332,MF193A,1.0
-17.351981,-66.272469,-78,andres,2021-06-28 09:23:52.657916,Test 1 El Paso,En automovil,Viva,16,ZTE CORPORATION,736010912233332,MF193A,1.0
-17.35168,-66.272597,-76,andres,2021-06-28 09:23:43.645768,Test 1 El Paso,En automovil,Viva,15,ZTE CORPORATION,736010912233332,MF193A,1.0
-17.351321,-66.272705,-71,andres,2021-06-28 09:23:34.650928,Test 1 El Paso,En automovil,Viva,18,ZTE CORPORATION,736010912233332,MF193A,1.0
-17.350962,-66.272849,-71,andres,2021-06-28 09:23:21.685814,Test 1 El Paso,En automovil,Viva,15,ZTE CORPORATION,736010912233332,MF193A,1.0
-17.350558,-66.272952,-75,andres,2021-06-28 09:23:12.763069,Test 1 El Paso,En automovil,Viva,15,ZTE CORPORATION,736010912233332,MF193A,1.0
-17.350289,-66.272525,-75,andres,2021-06-28 09:23:00.735084,Test 1 El Paso,En automovil,Viva,17,ZTE CORPORATION,736010912233332,MF193A,1.0
-17.350199,-66.271413,-81,andres,2021-06-28 09:22:38.731768,Test 1 El Paso,En automovil,Viva,13,ZTE CORPORATION,736010912233332,MF193A,1.0
-17.350218,-66.271006,-81,andres,2021-06-28 09:22:29.731217,Test 1 El Paso,En automovil,Viva,12,ZTE CORPORATION,736010912233332,MF193A,1.0
-17.350229,-66.270473,-77,andres,2021-06-28 09:22:16.742691,Test 1 El Paso,En automovil,Viva,14,ZTE CORPORATION,736010912233332,MF193A,1.0
-17.350241,-66.27013,-84,andres,2021-06-28 09:22:02.733387,Test 1 El Paso,En automovil,Viva,14,ZTE CORPORATION,736010912233332,MF193A,1.0
-17.35018,-66.269156,-79,andres,2021-06-28 09:21:47.323534,Test 1 El Paso,En automovil,Viva,9,ZTE CORPORATION,736010912233332,MF193A,1.0
-17.35015,-66.268605,-84,andres,2021-06-28 09:21:30.746046,Test 1 El Paso,En automovil,Viva,10,ZTE CORPORATION,736010912233332,MF193A,1.0
-17.350114,-66.268255,-84,andres,2021-06-28 09:21:21.756530,Test 1 El Paso,En automovil,Viva,10,ZTE CORPORATION,736010912233332,MF193A,1.0
-17.34931,-66.268128,-81,andres,2021-06-28 09:20:54.745270,Test 1 El Paso,En automovil,Viva,13,ZTE CORPORATION,736010912233332,MF193A,1.0
-17.3488,-66.26813,-78,andres,2021-06-28 09:20:44.753539,Test 1 El Paso,En automovil,Viva,15,ZTE CORPORATION,736010912233332,MF193A,1.0
-17.348087,-66.268145,-66,andres,2021-06-28 09:20:00.821565,Test 1 El Paso,En automovil,Viva,20,ZTE CORPORATION,736010912233332,MF193A,1.0
-17.347033,-66.268264,-59,andres,2021-06-28 09:19:37.820259,Test 1 El Paso,En automovil,Viva,21,ZTE CORPORATION,736010912233332,MF193A,1.0
-17.346376,-66.268355,-63,andres,2021-06-28 09:19:24.818055,Test 1 El Paso,En automovil,Viva,18,ZTE CORPORATION,736010912233332,MF193A,1.0
-17.345808,-66.268436,-71,andres,2021-06-28 09:19:12.816609,Test 1 El Paso,En automovil,Viva,19,ZTE CORPORATION,736010912233332,MF193A,1.0
-17.345265,-66.268515,-69,andres,2021-06-28 09:18:59.828316,Test 1 El Paso,En automovil,Viva,19,ZTE CORPORATION,736010912233332,MF193A,1.0
-17.344482,-66.268434,-61,andres,2021-06-28 09:18:36.807946,Test 1 El Paso,En automovil,Viva,22,ZTE CORPORATION,736010912233332,MF193A,1.0
-17.343898,-66.268352,-66,andres,2021-06-28 09:18:27.454356,Test 1 El Paso,En automovil,Viva,23,ZTE CORPORATION,736010912233332,MF193A,1.0
-17.343462,-66.26814,-57,andres,2021-06-28 09:18:17.800123,Test 1 El Paso,En automovil,Viva,25,ZTE CORPORATION,736010912233332,MF193A,1.0
-17.342267,-66.26739,-54,andres,2021-06-28 09:17:43.795702,Test 1 El Paso,En automovil,Viva,24,ZTE CORPORATION,736010912233332,MF193A,1.0
-17.341409,-66.267383,-53,andres,2021-06-28 09:17:27.786557,Test 1 El Paso,En automovil,Viva,24,ZTE CORPORATION,736010912233332,MF193A,1.0
-17.341016,-66.267192,-57,andres,2021-06-28 09:17:18.788797,Test 1 El Paso,En automovil,Viva,24,ZTE CORPORATION,736010912233332,MF193A,1.0
-17.340515,-66.266993,-52,andres,2021-06-28 09:17:06.788703,Test 1 El Paso,En automovil,Viva,26,ZTE CORPORATION,736010912233332,MF193A,1.0
-17.339837,-66.266944,-54,andres,2021-06-28 09:16:43.777949,Test 1 El Paso,En automovil,Viva,23,ZTE CORPORATION,736010912233332,MF193A,1.0
-17.339156,-66.266929,-62,andres,2021-06-28 09:16:22.775154,Test 1 El Paso,En automovil,Viva,23,ZTE CORPORATION,736010912233332,MF193A,1.0
-17.338586,-66.266923,-58,andres,2021-06-28 09:16:11.772126,Test 1 El Paso,En automovil,Viva,22,ZTE CORPORATION,736010912233332,MF193A,1.0
-17.338522,-66.266939,-60,andres,2021-06-28 09:16:02.765284,Test 1 El Paso,En automovil,Viva,20,ZTE CORPORATION,736010912233332,MF193A,1.0
-17.338233,-66.266936,-57,andres,2021-06-28 09:15:52.793314,Test 1 El Paso,En automovil,Viva,27,ZTE CORPORATION,736010912233332,MF193A,1.0
-17.337796,-66.266903,-62,andres,2021-06-28 09:15:43.766412,Test 1 El Paso,En automovil,Viva,25,ZTE CORPORATION,736010912233332,MF193A,1.0
-17.337321,-66.266898,-56,andres,2021-06-28 09:15:30.762633,Test 1 El Paso,En automovil,Viva,26,ZTE CORPORATION,736010912233332,MF193A,1.0
-17.336823,-66.266885,-58,andres,2021-06-28 09:15:21.799954,Test 1 El Paso,En automovil,Viva,29,ZTE CORPORATION,736010912233332,MF193A,1.0
-17.33644,-66.266868,-53,andres,2021-06-28 09:15:12.758993,Test 1 El Paso,En automovil,Viva,23,ZTE CORPORATION,736010912233332,MF193A,1.0
-17.336143,-66.267088,-62,andres,2021-06-28 09:14:53.747406,Test 1 El Paso,En automovil,Viva,23,ZTE CORPORATION,736010912233332,MF193A,1.0
-17.336191,-66.267439,-73,andres,2021-06-28 09:14:40.749159,Test 1 El Paso,En automovil,Viva,21,ZTE CORPORATION,736010912233332,MF193A,1.0
-17.336206,-66.268256,-66,andres,2021-06-28 09:14:11.742956,Test 1 El Paso,En automovil,Viva,19,ZTE CORPORATION,736010912233332,MF193A,1.0
-17.336105,-66.268424,-68,andres,2021-06-28 09:13:48.733500,Test 1 El Paso,En automovil,Viva,22,ZTE CORPORATION,736010912233332,MF193A,1.0
-17.336314,-66.268427,-71,andres,2021-06-28 09:13:31.743216,Test 1 El Paso,En automovil,Viva,18,ZTE CORPORATION,736010912233332,MF193A,1.0
-17.336904,-66.26842,-81,andres,2021-06-28 09:13:10.725980,Test 1 El Paso,En automovil,Viva,11,ZTE CORPORATION,736010912233332,MF193A,1.0
-17.337214,-66.268288,-63,andres,2021-06-28 09:12:57.715190,Test 1 El Paso,En automovil,Viva,18,ZTE CORPORATION,736010912233332,MF193A,1.0
-17.337468,-66.267894,-72,andres,2021-06-28 09:12:44.705645,Test 1 El Paso,En automovil,Viva,27,ZTE CORPORATION,736010912233332,MF193A,1.0
-17.337712,-66.267145,-56,andres,2021-06-28 09:12:23.707404,Test 1 El Paso,En automovil,Viva,28,ZTE CORPORATION,736010912233332,MF193A,1.0
-17.337752,-66.266672,-48,andres,2021-06-28 09:12:12.704557,Test 1 El Paso,En automovil,Viva,24,ZTE CORPORATION,736010912233332,MF193A,1.0
-17.337765,-66.266127,-55,andres,2021-06-28 09:12:02.704526,Test 1 El Paso,En automovil,Viva,27,ZTE CORPORATION,736010912233332,MF193A,1.0
-17.337792,-66.265485,-55,andres,2021-06-28 09:11:47.707080,Test 1 El Paso,En automovil,Viva,24,ZTE CORPORATION,736010912233332,MF193A,1.0
-17.337765,-66.264991,-66,andres,2021-06-28 09:11:34.708276,Test 1 El Paso,En automovil,Viva,18,ZTE CORPORATION,736010912233332,MF193A,1.0
-17.337785,-66.264495,-67,andres,2021-06-28 09:11:20.713604,Test 1 El Paso,En automovil,Viva,22,ZTE CORPORATION,736010912233332,MF193A,1.0
-17.337768,-66.263855,-53,andres,2021-06-28 09:11:08.712410,Test 1 El Paso,En automovil,Viva,22,ZTE CORPORATION,736010912233332,MF193A,1.0
-17.337688,-66.263541,-63,andres,2021-06-28 09:10:59.704509,Test 1 El Paso,En automovil,Viva,21,ZTE CORPORATION,736010912233332,MF193A,1.0
-17.337582,-66.26324,-61,andres,2021-06-28 09:10:47.702172,Test 1 El Paso,En automovil,Viva,24,ZTE CORPORATION,736010912233332,MF193A,1.0
-17.337288,-66.262874,-56,andres,2021-06-28 09:10:36.720707,Test 1 El Paso,En automovil,Viva,23,ZTE CORPORATION,736010912233332,MF193A,1.0
-17.337041,-66.262507,-64,andres,2021-06-28 09:10:25.729403,Test 1 El Paso,En automovil,Viva,20,ZTE CORPORATION,736010912233332,MF193A,1.0
-17.336897,-66.262299,-63,andres,2021-06-28 09:10:16.740265,Test 1 El Paso,En automovil,Viva,22,ZTE CORPORATION,736010912233332,MF193A,1.0
-17.336686,-66.261951,-66,andres,2021-06-28 09:10:04.740664,Test 1 El Paso,En automovil,Viva,19,ZTE CORPORATION,736010912233332,MF193A,1.0
-17.336433,-66.261487,-66,andres,2021-06-28 09:09:46.734596,Test 1 El Paso,En automovil,Viva,20,ZTE CORPORATION,736010912233332,MF193A,1.0
-17.336413,-66.261212,-61,andres,2021-06-28 09:09:36.770505,Test 1 El Paso,En automovil,Viva,23,ZTE CORPORATION,736010912233332,MF193A,1.0
-17.336396,-66.260737,-62,andres,2021-06-28 09:09:21.732486,Test 1 El Paso,En automovil,Viva,22,ZTE CORPORATION,736010912233332,MF193A,1.0
-17.336406,-66.260317,-60,andres,2021-06-28 09:09:08.726639,Test 1 El Paso,En automovil,Viva,24,ZTE CORPORATION,736010912233332,MF193A,1.0
-17.336357,-66.259854,-61,andres,2021-06-28 09:08:55.726176,Test 1 El Paso,En automovil,Viva,23,ZTE CORPORATION,736010912233332,MF193A,1.0
-17.336321,-66.259426,-62,andres,2021-06-28 09:08:44.718959,Test 1 El Paso,En automovil,Viva,22,ZTE CORPORATION,736010912233332,MF193A,1.0
-17.336269,-66.258904,-66,andres,2021-06-28 09:08:32.726864,Test 1 El Paso,En automovil,Viva,21,ZTE CORPORATION,736010912233332,MF193A,1.0
-17.336221,-66.258549,-62,andres,2021-06-28 09:08:22.725133,Test 1 El Paso,En automovil,Viva,22,ZTE CORPORATION,736010912233332,MF193A,1.0
-17.33611,-66.258066,-69,andres,2021-06-28 09:08:10.724918,Test 1 El Paso,En automovil,Viva,17,ZTE CORPORATION,736010912233332,MF193A,1.0
-17.335984,-66.257667,-76,andres,2021-06-28 09:08:00.727796,Test 1 El Paso,En automovil,Viva,13,ZTE CORPORATION,736010912233332,MF193A,1.0
-17.335844,-66.257258,-76,andres,2021-06-28 09:07:49.711621,Test 1 El Paso,En automovil,Viva,16,ZTE CORPORATION,736010912233332,MF193A,1.0
-17.335753,-66.257021,-74,andres,2021-06-28 09:07:39.717675,Test 1 El Paso,En automovil,Viva,16,ZTE CORPORATION,736010912233332,MF193A,1.0
-17.335592,-66.256585,-78,andres,2021-06-28 09:07:29.723225,Test 1 El Paso,En automovil,Viva,15,ZTE CORPORATION,736010912233332,MF193A,1.0
-17.335334,-66.256048,-75,andres,2021-06-28 09:07:18.719043,Test 1 El Paso,En automovil,Viva,16,ZTE CORPORATION,736010912233332,MF193A,1.0
-17.334818,-66.255386,-79,andres,2021-06-28 09:07:02.696623,Test 1 Tiquipaya,En automovil,Viva,13,ZTE CORPORATION,736010912233332,MF193A,1.0
-17.334352,-66.254766,-83,andres,2021-06-28 09:06:51.688137,Test 1 Tiquipaya,En automovil,Viva,7,ZTE CORPORATION,736010912233332,MF193A,1.0
-17.333478,-66.253684,-69,andres,2021-06-28 09:06:29.658266,Test 1 Tiquipaya,En automovil,Viva,12,ZTE CORPORATION,736010912233332,MF193A,1.0
-17.333269,-66.253373,-85,andres,2021-06-28 09:06:19.661483,Test 1 Tiquipaya,En automovil,Viva,11,ZTE CORPORATION,736010912233332,MF193A,1.0
-17.332788,-66.252219,-84,andres,2021-06-28 09:05:55.607123,Test 1 Tiquipaya,En automovil,Viva,13,ZTE CORPORATION,736010912233332,MF193A,1.0
-17.332541,-66.251566,-80,andres,2021-06-28 09:05:43.613041,Test 1 Tiquipaya,En automovil,Viva,14,ZTE CORPORATION,736010912233332,MF193A,1.0
-17.332234,-66.250579,-73,andres,2021-06-28 09:05:24.623530,Test 1 Tiquipaya,En automovil,Viva,12,ZTE CORPORATION,736010912233332,MF193A,1.0
-17.331988,-66.250131,-85,andres,2021-06-28 09:05:15.625645,Test 1 Tiquipaya,En automovil,Viva,7,ZTE CORPORATION,736010912233332,MF193A,1.0
-17.331545,-66.249824,-87,andres,2021-06-28 09:05:04.636946,Test 1 Tiquipaya,En automovil,Viva,5,ZTE CORPORATION,736010912233332,MF193A,1.0
-17.331267,-66.249605,-87,andres,2021-06-28 09:04:51.645401,Test 1 Tiquipaya,En automovil,Viva,8,ZTE CORPORATION,736010912233332,MF193A,1.0
-17.330881,-66.249192,-89,andres,2021-06-28 09:04:42.648052,Test 1 Tiquipaya,En automovil,Viva,6,ZTE CORPORATION,736010912233332,MF193A,1.0
-17.330474,-66.248766,-96,andres,2021-06-28 09:04:33.655406,Test 1 Tiquipaya,En automovil,Viva,3,ZTE CORPORATION,736010912233332,MF193A,0.88
-17.329758,-66.248051,-88,andres,2021-06-28 09:04:21.700454,Test 1 Tiquipaya,En automovil,Viva,7,ZTE CORPORATION,736010912233332,MF193A,1.0
-17.328989,-66.247212,-86,andres,2021-06-28 09:04:07.722191,Test 1 Tiquipaya,En automovil,Viva,8,ZTE CORPORATION,736010912233332,MF193A,1.0
-17.328723,-66.2467,-85,andres,2021-06-28 09:03:57.360742,Test 1 Tiquipaya,En automovil,Viva,9,ZTE CORPORATION,736010912233332,MF193A,1.0
-17.328679,-66.246534,-88,andres,2021-06-28 09:03:21.906838,Test 1 Tiquipaya,En automovil,Viva,7,ZTE CORPORATION,736010912233332,MF193A,1.0
-17.328649,-66.24647,-83,andres,2021-06-28 09:03:08.890987,Test 1 Tiquipaya,En automovil,Viva,11,ZTE CORPORATION,736010912233332,MF193A,1.0
-17.328667,-66.246222,-54,andres,2021-06-28 09:02:20.910527,Test 1 Tiquipaya,En automovil,Viva,30,ZTE CORPORATION,736010912233332,MF193A,1.0
-17.328712,-66.245992,-52,andres,2021-06-28 09:02:11.902211,Test 1 Tiquipaya,En automovil,Viva,31,ZTE CORPORATION,736010912233332,MF193A,1.0
-17.328795,-66.245356,-49,andres,2021-06-28 09:02:01.892898,Test 1 Tiquipaya,En automovil,Viva,28,ZTE CORPORATION,736010912233332,MF193A,1.0
-17.328903,-66.244599,-46,andres,2021-06-28 09:01:51.930102,Test 1 Tiquipaya,En automovil,Viva,28,ZTE CORPORATION,736010912233332,MF193A,1.0
-17.328969,-66.244119,-48,andres,2021-06-28 09:01:42.895930,Test 1 Tiquipaya,En automovil,Viva,31,ZTE CORPORATION,736010912233332,MF193A,1.0
-17.32901,-66.243724,-46,andres,2021-06-28 09:01:29.888987,Test 1 Tiquipaya,En automovil,Viva,32,ZTE CORPORATION,736010912233332,MF193A,1.0
-17.329228,-66.24262,-90,andres,2021-06-28 09:00:57.883497,Test 1 Tiquipaya,En automovil,Viva,5,ZTE CORPORATION,736010912233332,MF193A,1.0
-17.329275,-66.242347,-84,andres,2021-06-28 09:00:45.881972,Test 1 Tiquipaya,En automovil,Viva,30,ZTE CORPORATION,736010912233332,MF193A,1.0
-17.329503,-66.241841,-47,andres,2021-06-28 09:00:27.518581,Test 1 Tiquipaya,En automovil,Viva,26,ZTE CORPORATION,736010912233332,MF193A,1.0
-17.329533,-66.24177,-94,andres,2021-06-28 08:58:57.883045,Test 1 Tiquipaya,En automovil,Viva,4,ZTE CORPORATION,736010912233332,MF193A,0.92
-17.329531,-66.241767,-94,andres,2021-06-28 08:58:47.868407,Test 1 Tiquipaya,En automovil,Viva,1,ZTE CORPORATION,736010912233332,MF193A,0.92
-17.329524,-66.241769,-242,andres,2021-06-28 08:58:33.861599,Test 1 Tiquipaya,En automovil,Viva,1,ZTE CORPORATION,736010912233332,MF193A,0.4
-17.329624,-66.241643,-47,andres,2021-06-28 08:52:51.492593,Test 1 Tiquipaya,En automovil,Viva,32,ZTE CORPORATION,736010912233332,MF193A,1.0
-17.329615,-66.241636,-89,andres,2021-06-28 08:49:19.791492,Test 1 Tiquipaya,En automovil,Viva,1,ZTE CORPORATION,736010912233332,MF193A,1.0
-17.330458,-66.240477,-93,andres,2021-06-28 08:48:36.773452,Test 1 Tiquipaya,En automovil,Viva,5,ZTE CORPORATION,736010912233332,MF193A,0.9400000000000001
-17.330887,-66.240475,-90,andres,2021-06-28 08:48:27.418030,Test 1 Tiquipaya,En automovil,Viva,5,ZTE CORPORATION,736010912233332,MF193A,1.0
-17.332504,-66.237793,-82,andres,2021-06-28 08:47:22.773885,Test 1 Tiquipaya,En automovil,Viva,8,ZTE CORPORATION,736010912233332,MF193A,1.0
-17.332841,-66.237366,-91,andres,2021-06-28 08:47:12.812506,Test 1 Tiquipaya,En automovil,Viva,9,ZTE CORPORATION,736010912233332,MF193A,0.98
-17.333606,-66.237505,-88,andres,2021-06-28 08:46:41.765570,Test 1 Tiquipaya,En automovil,Viva,9,ZTE CORPORATION,736010912233332,MF193A,1.0
-17.333948,-66.237594,-82,andres,2021-06-28 08:46:32.767133,Test 1 Tiquipaya,En automovil,Viva,12,ZTE CORPORATION,736010912233332,MF193A,1.0
-17.334274,-66.237699,-81,andres,2021-06-28 08:46:23.762406,Test 1 Tiquipaya,En automovil,Viva,12,ZTE CORPORATION,736010912233332,MF193A,1.0
-17.334847,-66.237848,-84,andres,2021-06-28 08:46:09.756696,Test 1 Tiquipaya,En automovil,Viva,11,ZTE CORPORATION,736010912233332,MF193A,1.0
-17.335202,-66.237942,-83,andres,2021-06-28 08:45:59.756546,Test 1 Tiquipaya,En automovil,Viva,10,ZTE CORPORATION,736010912233332,MF193A,1.0
-17.335624,-66.238066,-86,andres,2021-06-28 08:45:50.755351,Test 1 Tiquipaya,En automovil,Viva,12,ZTE CORPORATION,736010912233332,MF193A,1.0
-17.335983,-66.238156,-79,andres,2021-06-28 08:45:40.755463,Test 1 Tiquipaya,En automovil,Viva,12,ZTE CORPORATION,736010912233332,MF193A,1.0
-17.336804,-66.238372,-80,andres,2021-06-28 08:45:21.760204,Test 1 Tiquipaya,En automovil,Viva,16,ZTE CORPORATION,736010912233332,MF193A,1.0
-17.337201,-66.238448,-79,andres,2021-06-28 08:45:10.753350,Test 1 Tiquipaya,En automovil,Viva,12,ZTE CORPORATION,736010912233332,MF193A,1.0
-17.337255,-66.23815,-84,andres,2021-06-28 08:44:51.750415,Test 1 Tiquipaya,En automovil,Viva,12,ZTE CORPORATION,736010912233332,MF193A,1.0
-17.337042,-66.237509,-85,andres,2021-06-28 08:44:36.764918,Test 1 Tiquipaya,En automovil,Viva,10,ZTE CORPORATION,736010912233332,MF193A,1.0
-17.3369,-66.237025,-88,andres,2021-06-28 08:44:27.395549,Test 1 Tiquipaya,En automovil,Viva,9,ZTE CORPORATION,736010912233332,MF193A,1.0
-17.336794,-66.236614,-90,andres,2021-06-28 08:44:14.745161,Test 1 Tiquipaya,En automovil,Viva,10,ZTE CORPORATION,736010912233332,MF193A,1.0
-17.336617,-66.236176,-87,andres,2021-06-28 08:44:02.743915,Test 1 Tiquipaya,En automovil,Viva,10,ZTE CORPORATION,736010912233332,MF193A,1.0
-17.336513,-66.235446,-82,andres,2021-06-28 08:43:42.750152,Test 1 Tiquipaya,En automovil,Viva,9,ZTE CORPORATION,736010912233332,MF193A,1.0
-17.336448,-66.234883,-85,andres,2021-06-28 08:43:31.749233,Test 1 Tiquipaya,En automovil,Viva,9,ZTE CORPORATION,736010912233332,MF193A,1.0
-17.336391,-66.234512,-89,andres,2021-06-28 08:43:21.757789,Test 1 Tiquipaya,En automovil,Viva,7,ZTE CORPORATION,736010912233332,MF193A,1.0
-17.336333,-66.234022,-82,andres,2021-06-28 08:43:09.741856,Test 1 Tiquipaya,En automovil,Viva,12,ZTE CORPORATION,736010912233332,MF193A,1.0
-17.336327,-66.233721,-79,andres,2021-06-28 08:43:00.742822,Test 1 Tiquipaya,En automovil,Viva,12,ZTE CORPORATION,736010912233332,MF193A,1.0
-17.336339,-66.233275,-82,andres,2021-06-28 08:42:52.742064,Test 1 Tiquipaya,En automovil,Viva,11,ZTE CORPORATION,736010912233332,MF193A,1.0
-17.336325,-66.23271,-82,andres,2021-06-28 08:42:43.735364,Test 1 Tiquipaya,En automovil,Viva,12,ZTE CORPORATION,736010912233332,MF193A,1.0
-17.336301,-66.232217,-83,andres,2021-06-28 08:42:35.731375,Test 1 Tiquipaya,En automovil,Viva,11,ZTE CORPORATION,736010912233332,MF193A,1.0
-17.336249,-66.231566,-84,andres,2021-06-28 08:42:27.365699,Test 1 Tiquipaya,En automovil,Viva,14,ZTE CORPORATION,736010912233332,MF193A,1.0
-17.336205,-66.231065,-78,andres,2021-06-28 08:42:17.720144,Test 1 Tiquipaya,En automovil,Viva,17,ZTE CORPORATION,736010912233332,MF193A,1.0
-17.336114,-66.23051,-73,andres,2021-06-28 08:42:07.732812,Test 1 Tiquipaya,En automovil,Viva,19,ZTE CORPORATION,736010912233332,MF193A,1.0
-17.336064,-66.229892,-73,andres,2021-06-28 08:41:49.705662,Test 1 Tiquipaya,En automovil,Viva,20,ZTE CORPORATION,736010912233332,MF193A,1.0
-17.336145,-66.229187,-75,andres,2021-06-28 08:41:28.632138,Test 1 Tiquipaya,En automovil,Viva,19,ZTE CORPORATION,736010912233332,MF193A,1.0
-17.337073,-66.226868,-69,andres,2021-06-28 08:40:53.640889,Prueba 1 Tiquipaya,En automovil,Viva,21,ZTE CORPORATION,736010912233332,MF193A,1.0
-17.33719,-66.226493,-57,andres,2021-06-28 08:40:43.648234,Prueba 1 Tiquipaya,En automovil,Viva,25,ZTE CORPORATION,736010912233332,MF193A,1.0
-17.333988,-66.226219,-61,andres,2021-06-28 08:39:29.718228,Prueba 1 Tiquipaya,En automovil,Viva,23,ZTE CORPORATION,736010912233332,MF193A,1.0
-17.33376,-66.226397,-64,andres,2021-06-28 08:39:17.739541,Prueba 1 Tiquipaya,En automovil,Viva,23,ZTE CORPORATION,736010912233332,MF193A,1.0
-17.333644,-66.226588,-66,andres,2021-06-28 08:39:08.747249,Prueba 1 Tiquipaya,En automovil,Viva,20,ZTE CORPORATION,736010912233332,MF193A,1.0
-17.333615,-66.226603,-67,andres,2021-06-28 08:38:50.743737,Prueba 1 Tiquipaya,En automovil,Viva,21,ZTE CORPORATION,736010912233332,MF193A,1.0
-17.333303,-66.226644,-70,andres,2021-06-28 08:38:40.747489,Prueba 1 Tiquipaya,En automovil,Viva,20,ZTE CORPORATION,736010912233332,MF193A,1.0
-17.333072,-66.226439,-62,andres,2021-06-28 08:38:28.740598,Prueba 1 Tiquipaya,En automovil,Viva,25,ZTE CORPORATION,736010912233332,MF193A,1.0
-17.333101,-66.226189,-55,andres,2021-06-28 08:38:17.752478,Prueba 1 Tiquipaya,En automovil,Viva,25,ZTE CORPORATION,736010912233332,MF193A,1.0
-17.333213,-66.226112,-59,andres,2021-06-28 08:38:07.755025,Prueba 1 Tiquipaya,En automovil,Viva,24,ZTE CORPORATION,736010912233332,MF193A,1.0
-17.333497,-66.226124,-60,andres,2021-06-28 08:37:58.761384,Prueba 1 Tiquipaya,En automovil,Viva,23,ZTE CORPORATION,736010912233332,MF193A,1.0
-17.333854,-66.226138,-54,andres,2021-06-28 08:37:48.767333,Prueba 1 Tiquipaya,En automovil,Viva,27,ZTE CORPORATION,736010912233332,MF193A,1.0
-17.334179,-66.226161,-58,andres,2021-06-28 08:37:38.783499,Prueba 1 Tiquipaya,En automovil,Viva,25,ZTE CORPORATION,736010912233332,MF193A,1.0
-17.334795,-66.226178,-57,andres,2021-06-28 08:37:23.807699,Prueba 1 Tiquipaya,En automovil,Viva,25,ZTE CORPORATION,736010912233332,MF193A,1.0
-17.335084,-66.226185,-54,andres,2021-06-28 08:37:14.832644,Prueba 1 Tiquipaya,En automovil,Viva,27,ZTE CORPORATION,736010912233332,MF193A,1.0
-17.335527,-66.226207,-59,andres,2021-06-28 08:37:05.830187,Prueba 1 Tiquipaya,En automovil,Viva,22,ZTE CORPORATION,736010912233332,MF193A,1.0
-17.335832,-66.225924,-68,andres,2021-06-28 08:36:55.837113,Prueba 1 Tiquipaya,En automovil,Viva,22,ZTE CORPORATION,736010912233332,MF193A,1.0
-17.336062,-66.225135,-66,andres,2021-06-28 08:36:45.829763,Prueba 1 Tiquipaya,En automovil,Viva,20,ZTE CORPORATION,736010912233332,MF193A,1.0
-17.336156,-66.224767,-74,andres,2021-06-28 08:36:36.819075,Prueba 1 Tiquipaya,En automovil,Viva,15,ZTE CORPORATION,736010912233332,MF193A,1.0
-17.336536,-66.223237,-71,andres,2021-06-28 08:35:48.338122,Prueba 1 Tiquipaya,En automovil,Viva,16,ZTE CORPORATION,736010912233332,MF193A,1.0
-17.356884,-66.200133,-120,andres,2021-06-13 16:23:41.682094,nada,nafa,Tigo,27,ZTE CORPORATION,736030057419257,MF193A,0.4
-17.356886,-66.20014,-120,andres,2021-06-13 16:23:32.684656,nada,nafa,Tigo,27,ZTE CORPORATION,736030057419257,MF193A,0.4
-17.35689,-66.200144,-120,andres,2021-06-13 16:23:24.692807,nada,nafa,Tigo,27,ZTE CORPORATION,736030057419257,MF193A,0.4
-17.392456,-66.152166,-120,andres,2021-06-08 14:24:20.668273,Prueba gradiente 1,nada,Tigo,28,ZTE CORPORATION,736030057419257,MF193A,0.4
-17.392628,-66.153214,-115,andres,2021-06-08 14:24:12.739772,Prueba gradiente 1,nada,Tigo,28,ZTE CORPORATION,736030057419257,MF193A,0.5
-17.392827,-66.154366,-110,andres,2021-06-08 14:24:04.667329,Prueba gradiente 1,nada,Tigo,28,ZTE CORPORATION,736030057419257,MF193A,0.6000000000000001
-17.393029,-66.155413,-105,andres,2021-06-08 14:23:56.668866,Prueba gradiente 1,nada,Tigo,28,ZTE CORPORATION,736030057419257,MF193A,0.7
-17.393236,-66.156545,-100,andres,2021-06-08 14:23:48.668753,Prueba gradiente 1,nada,Tigo,27,ZTE CORPORATION,736030057419257,MF193A,0.8
-17.393413,-66.157615,-95,andres,2021-06-08 14:23:40.677760,Prueba gradiente 1,nada,Tigo,27,ZTE CORPORATION,736030057419257,MF193A,0.9
-17.39355,-66.158654,-90,andres,2021-06-08 14:23:31.715909,Prueba gradiente 1,nada,Tigo,27,ZTE CORPORATION,736030057419257,MF193A,1.0
-17.391528,-66.15231,-53,andres,2021-06-08 13:06:53.661521,Prueba gradiente,nada,Tigo,27,ZTE CORPORATION,736030057419257,MF193A,1.0
-17.391725,-66.153404,-95,andres,2021-06-08 13:06:45.658880,Prueba gradiente,nada,Tigo,26,ZTE CORPORATION,736030057419257,MF193A,0.9
-17.391905,-66.154587,-100,andres,2021-06-08 13:06:37.661867,Prueba gradiente,nada,Tigo,28,ZTE CORPORATION,736030057419257,MF193A,0.8
-17.392059,-66.155604,-105,andres,2021-06-08 13:06:29.661564,Prueba gradiente,nada,Tigo,28,ZTE CORPORATION,736030057419257,MF193A,0.7
-17.392233,-66.156706,-110,andres,2021-06-08 13:06:21.663572,Prueba gradiente,nada,Tigo,28,ZTE CORPORATION,736030057419257,MF193A,0.6000000000000001
-17.392434,-66.157813,-115,andres,2021-06-08 13:06:12.713798,Prueba gradiente,nada,Tigo,28,ZTE CORPORATION,736030057419257,MF193A,0.5
-17.392618,-66.158907,-120,andres,2021-06-08 13:05:21.201446,Prueba gradiente,nada,Tigo,27,ZTE CORPORATION,736030057419257,MF193A,0.4
